idpozo,empresa,areayacimiento,meses_historia,pico_prod_pet,caida_12m_pct,caida_total_pct
155785,CAPEX S.A.,AGUA DEL CAJON,128,193.41,84.64919083811591,87.84447546662531
155821,YPF S.A.,BAJADA DE AÑELO,126,894.62,100.0,100.0
155826,YPF S.A.,EL OREJANO,128,29.97,62.62929596262929,100.0
155827,YPF S.A.,EL OREJANO,128,68.17,81.60481150066012,100.0
155828,YPF S.A.,EL OREJANO,128,224.76,100.0,100.0
155829,YPF S.A.,EL OREJANO,128,12.54,100.0,100.0
155831,YPF S.A.,LAS TACANAS II,128,43.06,100.0,100.0
156320,YPF S.A.,LA AMARGA CHICA,127,1736.64,71.96540445918555,86.36217062833978
156331,YPF S.A.,LOMA CAMPANA,127,2561.95,72.12318741583559,79.11551747692187
156332,YPF S.A.,LOMA CAMPANA,127,3177.8,87.01428661338034,100.0
156333,YPF S.A.,LOMA CAMPANA,127,3280.57,77.51518790941819,91.1399543372036
156334,YPF S.A.,LOMA CAMPANA,127,2184.04,65.78542517536309,91.79181699968865
156335,YPF S.A.,LOMA CAMPANA,127,2429.39,60.96962612013714,72.96276019906232
156336,YPF S.A.,LOMA CAMPANA,127,2302.52,62.61617705817974,70.6608411653319
156337,YPF S.A.,LOMA CAMPANA,127,2309.83,56.77907032119247,100.0
156338,YPF S.A.,LOMA CAMPANA,127,2049.97,62.64920950062683,100.0
156339,YPF S.A.,LOMA CAMPANA,127,3021.31,64.58820842614628,97.54113281986953
156469,YPF S.A.,EL OREJANO,126,78.26,100.0,100.0
156470,YPF S.A.,EL OREJANO,126,553.76,91.33198497544063,100.0
156471,YPF S.A.,EL OREJANO,126,325.83,93.76668815026241,100.0
156472,YPF S.A.,EL OREJANO,126,112.11,100.0,100.0
156473,YPF S.A.,LA AMARGA CHICA,126,2408.92,71.03556780631985,82.49339953174037
156474,YPF S.A.,LA AMARGA CHICA,126,1257.84,68.43875214653691,100.0
156475,YPF S.A.,LA AMARGA CHICA,126,2729.35,39.33830399179291,91.6650484547603
156476,YPF S.A.,LOMA CAMPANA-LLL,126,851.37,74.74306118373914,93.82407179017349
156477,YPF S.A.,LOMA CAMPANA-LLL,126,947.92,77.94856106000506,87.15608912144485
156478,YPF S.A.,LOMA CAMPANA-LLL,126,904.8,83.35212201591511,93.23496905393456
156479,YPF S.A.,LOMA CAMPANA-LLL,126,784.63,77.8532556746492,86.16163032257242
156488,YPF S.A.,LOMA CAMPANA,126,1934.35,51.15982112854447,80.55987799519218
156489,YPF S.A.,LOMA CAMPANA,126,3184.17,53.9088679310464,88.40419952452288
156490,YPF S.A.,LOMA CAMPANA,126,2104.86,76.15043280788272,97.04065828606177
156491,YPF S.A.,LOMA CAMPANA,126,2915.94,81.4313737594052,95.41965884071689
156492,YPF S.A.,LOMA CAMPANA,126,2958.56,73.99545724947272,100.0
156493,YPF S.A.,LOMA CAMPANA,126,2089.29,59.99885128440763,83.37712811529275
156550,YPF S.A.,LA AMARGA CHICA,125,2583.86,57.29296478911397,87.73927379966406
156551,YPF S.A.,LA AMARGA CHICA,125,1186.91,100.0,100.0
156552,YPF S.A.,BANDURRIA SUR,125,1738.08,68.3639418208598,100.0
156553,YPF S.A.,LOMA CAMPANA-LLL,125,3432.36,57.82435408873196,100.0
156554,YPF S.A.,LOMA CAMPANA-LLL,125,3075.61,37.0742714453393,85.0940138704192
156555,YPF S.A.,LOMA CAMPANA-LLL,125,3077.32,51.76192271197016,87.92683243861542
156697,YPF S.A.,LOMA CAMPANA-LLL,124,3369.43,67.3662904408164,87.08149449610173
156698,YPF S.A.,LOMA CAMPANA-LLL,124,2784.12,85.30523109636079,87.92975877476546
156707,YPF S.A.,LOMA CAMPANA,124,2599.59,56.138467989182914,97.84735285179586
156708,YPF S.A.,LOMA CAMPANA,124,1454.61,78.84656368373653,100.0
156709,YPF S.A.,LOMA CAMPANA,124,2887.47,52.41266575929793,93.59300702691283
156710,YPF S.A.,LOMA CAMPANA,124,2392.95,49.25886458137445,87.58352660941515
156714,TOTAL AUSTRAL S.A.,AGUADA PICHANA ESTE VACA MUERTA,124,75.6,90.47619047619048,100.0
156715,TOTAL AUSTRAL S.A.,RINCON LA CENIZA,126,1649.25,78.92375322116114,92.43777474609671
156716,TOTAL AUSTRAL S.A.,RINCON LA CENIZA,125,1236.35,86.25793666841913,91.63020180369637
156741,YPF S.A.,EL OREJANO,123,120.28,100.0,100.0
156742,YPF S.A.,EL OREJANO,123,424.95,100.0,100.0
156743,YPF S.A.,EL OREJANO,123,14.44,100.0,100.0
156744,YPF S.A.,LA AMARGA CHICA,123,1261.6,88.45909955611921,100.0
156751,YPF S.A.,NARAMBUENA,123,2274.31,73.69312011115458,100.0
156756,YPF S.A.,LOMA CAMPANA,123,2725.73,52.52574539664604,100.0
156757,YPF S.A.,LOMA CAMPANA,123,2470.52,75.31612777876721,96.11822612243577
156758,YPF S.A.,LOMA CAMPANA,123,2327.79,63.40907040583558,94.56179466360797
156759,YPF S.A.,LOMA CAMPANA,123,2532.81,66.44043572158985,89.9202861643787
156760,YPF S.A.,LOMA CAMPANA,123,2356.31,68.21131345196515,93.66424621548099
156761,YPF S.A.,LOMA CAMPANA,123,2317.05,69.71623400444531,75.03075030750308
156802,TOTAL AUSTRAL S.A.,RINCON LA CENIZA,124,828.9,91.79635661720353,100.0
156803,TOTAL AUSTRAL S.A.,RINCON LA CENIZA,124,910.2,96.38540980004394,94.41331575477918
156871,YPF S.A.,EL OREJANO,122,111.51,100.0,100.0
156872,YPF S.A.,EL OREJANO,122,168.4,100.0,100.0
156873,YPF S.A.,LOMA CAMPANA-LLL,122,1986.06,67.59664864102797,100.0
156874,YPF S.A.,LOMA CAMPANA-LLL,122,1404.36,49.36269902304252,81.95476943233928
156875,YPF S.A.,LOMA CAMPANA-LLL,122,2429.96,76.54323527959308,87.5026749411513
156965,YPF S.A.,EL OREJANO,121,286.12,100.0,100.0
156966,YPF S.A.,EL OREJANO,121,273.32,100.0,100.0
156967,YPF S.A.,LA AMARGA CHICA,121,2539.78,58.62830638874234,99.42790320421454
156968,YPF S.A.,LA AMARGA CHICA,121,2108.08,60.833080338507074,53.07720769610261
156969,YPF S.A.,LOMA CAMPANA-LLL,121,3523.75,63.732387371408294,91.94380986165307
156970,YPF S.A.,LOMA CAMPANA-LLL,121,2552.75,39.915777103124086,87.73048672999705
156971,YPF S.A.,LOMA CAMPANA-LLL,121,2727.62,43.19773282202066,90.5606352791078
156972,YPF S.A.,LOMA CAMPANA-LLL,121,3290.53,62.28662251977646,90.89174084418012
156973,YPF S.A.,LOMA CAMPANA-LLL,121,1785.94,77.80048601856726,98.65113049710517
156981,YPF S.A.,NARAMBUENA,121,759.1,66.73165590831248,100.0
157109,YPF S.A.,LOMA CAMPANA-LLL,120,2644.47,46.13136091541972,81.28698756272523
157110,YPF S.A.,LOMA CAMPANA-LLL,120,1646.8,41.84296818071411,89.03995627884382
157111,YPF S.A.,LOMA CAMPANA-LLL,120,3132.07,42.777460273876386,72.08268014444121
157112,YPF S.A.,LOMA CAMPANA-LLL,120,2385.72,61.125781734654524,91.97349227906041
157113,YPF S.A.,LOMA CAMPANA-LLL,120,2316.23,57.867741977264785,89.59170721387773
157114,YPF S.A.,LOMA CAMPANA-LLL,120,2203.68,60.992521600232344,91.28230959122922
157190,YPF S.A.,LOMA CAMPANA-LLL,119,2499.65,43.90974736463106,72.51375192526955
157191,YPF S.A.,LOMA CAMPANA-LLL,119,2629.84,52.29481641468683,100.0
157224,O&G DEVELOPMENTS LTD S.A.,SIERRAS BLANCAS,117,1677.89,86.95392152390109,100.0
157249,TOTAL AUSTRAL S.A.,LA ESCALONADA,120,4925.75,100.0,100.0
157322,YPF S.A.,EL OREJANO,118,59.1,100.0,100.0
157329,YPF S.A.,LOMA CAMPANA,118,2249.65,67.54339563932167,95.12590847465161
157330,YPF S.A.,LOMA CAMPANA,118,2710.89,89.21424329279314,100.0
157331,YPF S.A.,LOMA CAMPANA,118,2352.68,69.19768094258463,92.75379567131952
157332,YPF S.A.,LOMA CAMPANA,118,2771.1,68.84378044819746,96.45050701887337
157333,YPF S.A.,LOMA CAMPANA,118,2231.11,65.09136707737404,87.43674673144758
157334,YPF S.A.,LOMA CAMPANA,118,2326.25,85.996775926921,94.8247178936056
157335,YPF S.A.,LOMA CAMPANA,118,2280.9,57.90608970143365,88.60099083695032
157336,YPF S.A.,LOMA CAMPANA,118,1705.67,68.41944807612258,93.4272162845099
157364,TECPETROL S.A.,FORTIN DE PIEDRA,117,517.3705,100.0,100.0
157409,YPF S.A.,LOMA CAMPANA-LLL,117,1947.98,53.20999188903377,95.76073676321111
157410,YPF S.A.,LOMA CAMPANA-LLL,117,1433.67,31.385186270201647,67.32511665864529
157516,PAN AMERICAN ENERGY (SUCURSAL ARGENTINA) LLC,BANDURRIA CENTRO,116,1728.863,68.06338038352374,94.85908657886715
157537,PAN AMERICAN ENERGY (SUCURSAL ARGENTINA) LLC,BANDURRIA CENTRO,116,1600.096,83.39725866448013,99.84716073285604
157552,AMERICAS PETROGAS ARGENTINA S.A.,LOS TOLDOS ESTE,116,2661.188,68.33801294760084,90.16477227463824
157860,YPF S.A.,EL OREJANO,114,66.26,100.0,100.0
157861,YPF S.A.,LA AMARGA CHICA,114,2489.97,28.994726844098516,93.30674666763053
157862,YPF S.A.,LA AMARGA CHICA,114,1989.73,54.35963673463233,100.0
157863,YPF S.A.,LA AMARGA CHICA,114,2732.2,47.49469292145524,94.36351658004538
157871,YPF S.A.,LOMA CAMPANA,114,2507.18,77.2329868617331,93.2808972630605
157872,YPF S.A.,LOMA CAMPANA,114,5734.36,92.45338625408938,97.21974204619173
157873,YPF S.A.,LOMA CAMPANA,114,2823.39,84.33089300450877,94.51970857727767
157874,YPF S.A.,LOMA CAMPANA,114,1917.85,57.330343874651305,82.62377141069427
157875,YPF S.A.,LOMA CAMPANA,114,2289.57,62.36585909144512,92.48374148857646
157876,YPF S.A.,LOMA CAMPANA,114,2679.76,78.60106875242559,81.68380750514972
157884,TECPETROL S.A.,FORTIN DE PIEDRA,115,98.28341,100.0,90.67744291737537
157903,WINTERSHALL ENERGIA S.A.,BANDURRIA NORTE,114,1487.02,79.66335355274306,100.0
157907,TECPETROL S.A.,FORTIN DE PIEDRA,115,161.8688,66.6758325260952,94.4437427101455
157969,YPF S.A.,EL OREJANO,113,27.19,100.0,100.0
157970,YPF S.A.,EL OREJANO,113,31.97,100.0,100.0
157972,YPF S.A.,LOMA CAMPANA-LLL,113,2118.88,76.00100052858114,100.0
157973,YPF S.A.,LOMA CAMPANA-LLL,113,1884.17,52.17628982522808,76.40764899133305
157977,YPF S.A.,LOMA CAMPANA,113,2086.37,73.25690074147921,87.9719321117539
157978,YPF S.A.,LOMA CAMPANA,113,2279.66,75.14804839318143,95.42694963283999
157986,O&G DEVELOPMENTS LTD S.A.,CRUZ DE LORENA,111,3784.0,97.83298097251586,95.48387949260042
158040,YPF S.A.,EL OREJANO,112,31.97,100.0,100.0
158041,YPF S.A.,LA AMARGA CHICA,112,2832.44,40.424157263701964,100.0
158042,YPF S.A.,LA AMARGA CHICA,112,2415.21,40.52856687410205,99.02285929587903
158043,YPF S.A.,LOMA CAMPANA-LLL,112,2203.26,67.40602561658633,91.3691529823988
158044,YPF S.A.,LOMA CAMPANA-LLL,112,2985.42,51.38539970925364,88.03618921290807
158045,YPF S.A.,LOMA CAMPANA-LLL,112,2691.61,55.831639799227986,92.17234294715803
158046,YPF S.A.,LOMA CAMPANA-LLL,112,1964.1,37.44055801639428,85.44218726134108
158080,O&G DEVELOPMENTS LTD S.A.,CRUZ DE LORENA,110,3612.0,98.31118493909192,93.22702104097453
158148,YPF S.A.,LOMA CAMPANA-LLL,111,2491.43,54.007537839714544,90.93612905038472
158149,YPF S.A.,LOMA CAMPANA-LLL,111,1945.43,69.10143258816817,89.97907917529801
158150,YPF S.A.,LOMA CAMPANA-LLL,111,2101.15,61.730480927111344,100.0
158151,YPF S.A.,LOMA CAMPANA-LLL,111,2282.65,62.291196635489456,90.62055067574968
158152,YPF S.A.,LOMA CAMPANA-LLL,111,1967.41,61.095552020168654,86.17624186112707
158171,PAN AMERICAN ENERGY (SUCURSAL ARGENTINA) LLC,COIRON AMARGO SUR ESTE,111,1391.725,74.88101456825163,93.07975066913363
158179,CAPEX S.A.,AGUA DEL CAJON,113,17.45,100.0,100.0
158238,YPF S.A.,LA AMARGA CHICA,110,3127.75,76.89393333866198,87.45807689233474
158239,YPF S.A.,LA AMARGA CHICA,110,3554.51,82.75486635288689,89.35746417931023
158288,TECPETROL S.A.,FORTIN DE PIEDRA,110,1050.371,45.34390229737873,98.84911902556335
158304,PETROLERA EL TREBOL S.A.,PUESTO ROJAS,109,113.67,100.0,100.0
158305,PETROLERA EL TREBOL S.A.,PUESTO ROJAS,108,106.22,100.0,100.0
158333,TECPETROL S.A.,FORTIN DE PIEDRA,110,921.6856,32.582238455282365,87.8252193589658
158334,TECPETROL S.A.,FORTIN DE PIEDRA,110,1152.435,99.18778273828893,97.88481172473935
158362,YPF S.A.,LOMA CAMPANA-LLL,109,3412.41,48.236290480921106,100.0
158363,YPF S.A.,LOMA CAMPANA-LLL,109,5993.87,88.19143558335433,98.32445481800572
158364,YPF S.A.,LOMA CAMPANA-LLL,109,4702.47,62.56605571114755,87.17588841608772
158365,YPF S.A.,LOMA CAMPANA-LLL,109,2888.17,81.10360539718923,94.76762101953832
158421,YPF S.A.,EL OREJANO,108,29.84,100.0,100.0
158422,YPF S.A.,EL OREJANO,108,96.79,100.0,100.0
158423,YPF S.A.,EL OREJANO,108,100.47,100.0,100.0
158424,YPF S.A.,EL OREJANO,108,107.52,100.0,100.0
158425,YPF S.A.,EL OREJANO,108,12.06,100.0,100.0
158426,YPF S.A.,EL OREJANO,108,93.27,100.0,100.0
158427,YPF S.A.,LOMA CAMPANA-LLL,108,4019.62,77.56628736049677,93.88972091889283
158430,YPF S.A.,RINCON DEL MANGRULLO,108,84.82,66.84744164112237,100.0
158431,YPF S.A.,RINCON DEL MANGRULLO,108,119.92,56.962975316877916,100.0
158432,YPF S.A.,RINCON DEL MANGRULLO,108,121.13,41.542144803104094,100.0
158443,YPF S.A.,LOMA CAMPANA-LLL,108,3568.46,68.93169602573658,86.18703866653962
158469,O&G DEVELOPMENTS LTD S.A.,SIERRAS BLANCAS,106,3053.0,83.35771714862568,100.0
158470,O&G DEVELOPMENTS LTD S.A.,SIERRAS BLANCAS,106,2995.0,65.79052754614992,92.46043405676126
158471,O&G DEVELOPMENTS LTD S.A.,SIERRAS BLANCAS,106,3043.0,62.85687932800887,89.54847190272757
158493,TOTAL AUSTRAL S.A.,RINCON LA CENIZA,108,1423.2,76.80236468896416,82.54215851602024
158494,TOTAL AUSTRAL S.A.,RINCON LA CENIZA,108,1233.4,83.22763151125045,100.0
158513,PAN AMERICAN ENERGY (SUCURSAL ARGENTINA) LLC,BANDURRIA CENTRO,108,1182.017,76.3531658174121,97.20687265919187
158514,PAN AMERICAN ENERGY (SUCURSAL ARGENTINA) LLC,BANDURRIA CENTRO,108,1443.849,85.0020743166356,96.76259151753403
158520,PAN AMERICAN ENERGY (SUCURSAL ARGENTINA) LLC,BANDURRIA CENTRO,107,1758.693,77.16150004577263,96.13573488948896
158526,PAN AMERICAN ENERGY (SUCURSAL ARGENTINA) LLC,BANDURRIA CENTRO,108,1839.914,74.27060721316322,95.74412717116127
158560,YPF S.A.,LOMA CAMPANA-LLL,107,4365.08,70.9107278675305,100.0
158561,YPF S.A.,LOMA CAMPANA-LLL,107,2477.88,63.53980015174262,87.81619771740358
158562,YPF S.A.,LOMA CAMPANA-LLL,107,2562.84,91.49615270559224,88.41753679511793
158570,YPF S.A.,LA RIBERA BLOQUE I,107,515.64,100.0,98.24102086727174
158571,YPF S.A.,LA RIBERA BLOQUE I,107,569.16,83.86218286597793,90.08538899430741
158686,EXXONMOBIL EXPLORATION ARGENTINA S.R.L.,BAJO DEL CHOIQUE,106,6565.98,72.90198873587796,65.4347104316492
158753,YPF S.A.,LA AMARGA CHICA,105,3409.91,81.66432545140488,85.7799765976228
158754,YPF S.A.,LA AMARGA CHICA,105,3979.94,78.76777036839752,68.79576074011166
158755,YPF S.A.,BANDURRIA SUR,105,6294.71,68.39171304158572,94.09488284607234
158756,YPF S.A.,LOMA CAMPANA-LLL,105,4341.2,66.54012715378236,97.90726066525384
158757,YPF S.A.,LOMA CAMPANA-LLL,105,3003.7,36.02190631554416,86.53993408129973
158802,PLUSPETROL S.A.,LA CALERA,104,2848.61,81.66509279964615,99.15664130927013
158807,TOTAL AUSTRAL S.A.,AGUADA PICHANA ESTE VACA MUERTA,105,6.442087,100.0,100.0
158833,PAN AMERICAN ENERGY (SUCURSAL ARGENTINA) LLC,BANDURRIA CENTRO,104,929.2056,46.6990943661984,97.9395787111055
158891,YPF S.A.,EL OREJANO,104,50.22,100.0,100.0
158892,YPF S.A.,BANDURRIA SUR,104,6160.05,55.84776097596611,95.67276239640911
158893,YPF S.A.,LOMA CAMPANA-LLL,104,2668.36,51.27718898499454,86.89007480250042
158894,YPF S.A.,LOMA CAMPANA-LLL,104,2502.29,33.41339333170815,92.62675389343362
158895,YPF S.A.,LOMA CAMPANA-LLL,104,2138.51,43.71828983731665,97.42016637752454
158896,YPF S.A.,LOMA CAMPANA-LLL,104,3212.98,71.1822046822576,100.0
158920,TECPETROL S.A.,FORTIN DE PIEDRA,104,691.5412,60.0674551277639,89.10150255689754
158921,TECPETROL S.A.,FORTIN DE PIEDRA,104,801.8029,64.01685501511656,100.0
158922,TECPETROL S.A.,FORTIN DE PIEDRA,104,800.628,61.148286095415095,89.14021368225943
158923,EXXONMOBIL EXPLORATION ARGENTINA S.R.L.,BAJO DEL CHOIQUE,104,3360.29,66.91743867344783,100.0
158928,TECPETROL S.A.,FORTIN DE PIEDRA,104,213.7684,57.350057351788195,99.2945795543214
158929,TECPETROL S.A.,FORTIN DE PIEDRA,104,121.1545,65.9433945912038,99.32849295733959
158930,TECPETROL S.A.,FORTIN DE PIEDRA,104,212.8912,67.5796087391118,99.5152129350579
158931,TECPETROL S.A.,FORTIN DE PIEDRA,104,201.7061,61.90727003298364,99.31582733491948
158953,TECPETROL S.A.,FORTIN DE PIEDRA,104,101.3501,74.3464979314278,100.0
158961,TECPETROL S.A.,FORTIN DE PIEDRA,103,253.8958,81.37413458592069,96.68592272893054
158962,TECPETROL S.A.,FORTIN DE PIEDRA,103,204.3014,63.674399685954185,100.0
158963,TECPETROL S.A.,FORTIN DE PIEDRA,104,225.5006,79.67918488908677,97.863413667192
158967,TECPETROL S.A.,FORTIN DE PIEDRA,104,171.3369,67.6594650656105,93.11453633163667
158968,TECPETROL S.A.,FORTIN DE PIEDRA,104,163.6029,100.0,100.0
158973,O&G DEVELOPMENTS LTD S.A.,CRUZ DE LORENA,101,3145.74198126852,72.97521522546533,87.47354352815995
158974,O&G DEVELOPMENTS LTD S.A.,CRUZ DE LORENA,101,3153.82044814886,63.495702468549034,92.4218894534633
158975,O&G DEVELOPMENTS LTD S.A.,CRUZ DE LORENA,101,3374.0,58.238292827504445,88.87818612922347
159005,PAN AMERICAN ENERGY (SUCURSAL ARGENTINA) LLC,BANDURRIA CENTRO,103,1290.698,76.54314952064696,100.0
159026,YPF S.A.,LA AMARGA CHICA,103,3031.93,75.57298486442629,96.03552852473507
159027,YPF S.A.,LOMA CAMPANA-LLL,103,2342.57,40.03850471917595,93.53103642580585
159065,TECPETROL S.A.,FORTIN DE PIEDRA,102,177.6189,59.21852910923331,95.65043190786567
159075,PAN AMERICAN ENERGY (SUCURSAL ARGENTINA) LLC,BANDURRIA CENTRO,102,2394.133,53.255646198435926,87.84501529363656
159086,PAN AMERICAN ENERGY (SUCURSAL ARGENTINA) LLC,COIRON AMARGO SUR ESTE,102,3010.983,66.03139240573594,88.9093694650551
159135,YPF S.A.,LA AMARGA CHICA,102,2161.6,78.59548482605477,84.87370466321244
159137,YPF S.A.,LOMA CAMPANA-LLL,102,4251.96,77.06046152833046,97.6321508198572
159138,YPF S.A.,LA RIBERA BLOQUE I,102,1142.42,66.15517935610372,91.44710351709529
159139,YPF S.A.,LA RIBERA BLOQUE I,102,1656.07,84.05200263273895,98.00068837669905
159168,O&G DEVELOPMENTS LTD S.A.,COIRON AMARGO SUR OESTE,101,4245.40566666667,71.23690653197887,87.30298015493926
159184,TECPETROL S.A.,FORTIN DE PIEDRA,101,162.3181,50.83056048586079,93.11082374670477
159203,EXXONMOBIL EXPLORATION ARGENTINA S.R.L.,AGUADA LOS LOROS,101,5755.17,69.15990318270356,93.36231596981497
159219,YPF S.A.,AGUADA DE LA ARENA,101,450.08,100.0,100.0
159220,YPF S.A.,AGUADA DE LA ARENA,101,210.48,100.0,100.0
159221,YPF S.A.,AGUADA DE LA ARENA,101,891.03,100.0,100.0
159222,YPF S.A.,LA AMARGA CHICA,101,3954.77,54.48407872012785,100.0
159223,YPF S.A.,LA AMARGA CHICA,101,2816.78,66.69104438401295,74.09772861210317
159224,YPF S.A.,LA AMARGA CHICA,101,4708.46,51.16811016765567,83.016527696954
159225,YPF S.A.,LOMA CAMPANA-LLL,101,4690.18,77.30833358208,93.5318047494979
159226,YPF S.A.,LOMA CAMPANA-LLL,101,2489.57,53.36222721192817,87.12870094032303
159227,YPF S.A.,LOMA CAMPANA-LLL,101,6653.05,89.86134179060731,89.89185411202381
159280,YPF S.A.,LA AMARGA CHICA,100,4157.06,72.900078420807,100.0
159281,YPF S.A.,LOMA CAMPANA-LLL,100,3404.81,68.98622830642532,98.59845336450492
159307,WINTERSHALL ENERGIA S.A.,BANDURRIA NORTE,100,1492.23,81.54976109580963,100.0
159308,WINTERSHALL ENERGIA S.A.,BANDURRIA NORTE,100,1757.03,75.20417978065258,100.0
159309,WINTERSHALL ENERGIA S.A.,BANDURRIA NORTE,100,2164.52,70.5417367360893,100.0
159313,PAN AMERICAN ENERGY (SUCURSAL ARGENTINA) LLC,BANDURRIA CENTRO,100,1275.65,55.814235879747585,97.12262532826402
159314,PAN AMERICAN ENERGY (SUCURSAL ARGENTINA) LLC,BANDURRIA CENTRO,100,2592.465,76.38614600389977,95.18544319788309
159336,TECPETROL S.A.,FORTIN DE PIEDRA,100,1210.989,64.24517481166221,97.5509092155255
159337,TECPETROL S.A.,FORTIN DE PIEDRA,100,1174.341,72.11829443066367,89.85615762372258
159338,TECPETROL S.A.,FORTIN DE PIEDRA,100,1506.624,66.98664032963765,87.7724037317871
159339,TECPETROL S.A.,FORTIN DE PIEDRA,100,1040.887,52.55606036005829,100.0
159351,TECPETROL S.A.,FORTIN DE PIEDRA,99,1487.882,70.04308809435157,90.4418293923846
159353,TECPETROL S.A.,FORTIN DE PIEDRA,99,1426.236,72.65120919679492,91.87583962261505
159354,TECPETROL S.A.,FORTIN DE PIEDRA,99,1332.954,66.87749914850775,94.1108357827802
159376,YPF S.A.,EL OREJANO,99,1.92,100.0,100.0
159377,YPF S.A.,EL OREJANO,99,3.81,100.0,100.0
159379,YPF S.A.,LA AMARGA CHICA,99,4290.94,97.89230331815406,93.58392333614546
159380,YPF S.A.,LOMA CAMPANA-LLL,99,1749.95,100.0,100.0
159381,YPF S.A.,LOMA CAMPANA-LLL,99,3240.71,97.63261754368642,91.89467740093991
159382,YPF S.A.,LOMA CAMPANA-LLL,99,7389.95,55.76763036285766,98.55506464861061
159398,TECPETROL S.A.,FORTIN DE PIEDRA,99,1791.308,66.18639563938753,93.30250297547937
159399,TECPETROL S.A.,FORTIN DE PIEDRA,99,1741.312,63.59755747390473,92.91224088503381
159403,TECPETROL S.A.,FORTIN DE PIEDRA,99,1256.354,51.76529067444366,94.62470768589107
159404,TECPETROL S.A.,FORTIN DE PIEDRA,99,1494.736,75.4968235193372,94.72210544203124
159434,O&G DEVELOPMENTS LTD S.A.,BAJADA DE AÑELO,98,3565.19,61.00937116955899,100.0
159463,TOTAL AUSTRAL S.A.,SAN ROQUE VACA MUERTA,98,3718.39,86.05810579309863,100.0
159464,TOTAL AUSTRAL S.A.,SAN ROQUE VACA MUERTA,100,3201.233,84.66968821076128,100.0
159492,YPF S.A.,LOMA CAMPANA-LLL,98,5280.8,59.831464929556134,87.41592183002575
159493,YPF S.A.,LOMA CAMPANA-LLL,98,6180.04,71.35099449194504,93.81557400922972
159498,YPF S.A.,LOMA CAMPANA,98,6231.61,67.54530530633336,81.79379004783675
159499,YPF S.A.,LOMA CAMPANA,98,5486.08,61.967561537564166,93.90858317778815
159500,YPF S.A.,LOMA CAMPANA,98,7084.15,66.32821157090123,89.08055306564655
159501,YPF S.A.,LOMA CAMPANA,98,5258.86,66.98219766261128,94.7663562064782
159527,PAN AMERICAN ENERGY (SUCURSAL ARGENTINA) LLC,BANDURRIA CENTRO,98,2308.883,71.73542791037917,73.82222485938006
159529,TECPETROL S.A.,FORTIN DE PIEDRA,98,1524.582,59.168008017935406,98.21814503909924
159530,TECPETROL S.A.,FORTIN DE PIEDRA,98,370.5074,83.71009863770603,95.96060429562272
159531,TECPETROL S.A.,FORTIN DE PIEDRA,98,301.5563,79.45815093234663,96.76392235877678
159532,TECPETROL S.A.,FORTIN DE PIEDRA,98,302.4321,81.2125763105173,96.09660482468627
159559,TECPETROL S.A.,CERRO LAS NIÑAS,97,45.44045,100.0,100.0
159561,TECPETROL S.A.,FORTIN DE PIEDRA,97,1515.984,65.38071641917065,96.66232691110196
159565,TECPETROL S.A.,FORTIN DE PIEDRA,97,1273.682,64.98830948384291,90.8469932055254
159566,TECPETROL S.A.,FORTIN DE PIEDRA,97,1137.297,55.30208028333847,94.18164999995604
159580,YPF S.A.,LOMA CAMPANA-LLL,97,6351.32,65.38987171170719,93.32532449947412
159581,YPF S.A.,LOMA CAMPANA-LLL,97,5628.82,91.28236468744781,93.82819134383405
159582,YPF S.A.,LOMA CAMPANA-LLL,97,5345.18,78.50736551435125,91.40477963323967
159583,YPF S.A.,LOMA CAMPANA-LLL,97,6266.74,100.0,90.85361767043152
159584,YPF S.A.,LOMA CAMPANA-LLL,97,3757.37,54.79816999656675,88.51137896986457
159590,YPF S.A.,LOMA CAMPANA,97,3851.98,90.22606555589593,100.0
159607,PAN AMERICAN ENERGY (SUCURSAL ARGENTINA) LLC,BANDURRIA CENTRO,97,1631.772,89.12778255785734,96.10332203273497
159619,PAN AMERICAN ENERGY (SUCURSAL ARGENTINA) LLC,BANDURRIA CENTRO,97,1946.842,78.73009725493903,96.7823839839083
159629,TECPETROL S.A.,FORTIN DE PIEDRA,97,1655.136,76.93688011136246,100.0
159634,TOTAL AUSTRAL S.A.,RINCON LA CENIZA,98,3367.41138142137,49.7544040702914,82.6495805287269
159635,TOTAL AUSTRAL S.A.,RINCON LA CENIZA,98,3377.42629251307,74.36100124761941,92.65920323562352
159669,TECPETROL S.A.,FORTIN DE PIEDRA,96,298.5736,100.0,89.1060428651428
159670,TECPETROL S.A.,FORTIN DE PIEDRA,96,243.7063,68.6755204933151,100.0
159673,TECPETROL S.A.,FORTIN DE PIEDRA,96,682.8105,17.97223387748138,100.0
159674,TECPETROL S.A.,FORTIN DE PIEDRA,96,550.525,49.54459833795013,100.0
159675,TECPETROL S.A.,FORTIN DE PIEDRA,96,870.0452,74.48807257370078,100.0
159705,YPF S.A.,EL OREJANO,98,248.78,100.0,100.0
159707,YPF S.A.,EL OREJANO,97,66.64,100.0,100.0
159708,YPF S.A.,EL OREJANO,98,2.45,100.0,100.0
159709,YPF S.A.,LA AMARGA CHICA,96,6069.65,60.19671644987768,100.0
159710,YPF S.A.,LA AMARGA CHICA,96,5090.21,77.79718322033865,95.22613015965943
159711,YPF S.A.,LA AMARGA CHICA,96,4936.45,69.64741869156985,78.51168349725005
159739,PAN AMERICAN ENERGY (SUCURSAL ARGENTINA) LLC,BANDURRIA CENTRO,96,3282.212,55.76373494460442,93.0998759373252
159748,PAN AMERICAN ENERGY (SUCURSAL ARGENTINA) LLC,BANDURRIA CENTRO,96,2479.026,77.50034892736099,91.71042175435029
159769,TECPETROL S.A.,FORTIN DE PIEDRA,95,224.2303,88.82092206093468,99.34452524926381
159770,TECPETROL S.A.,FORTIN DE PIEDRA,95,215.172,87.55359433383526,97.13766382243043
159805,PAN AMERICAN ENERGY (SUCURSAL ARGENTINA) LLC,BANDURRIA CENTRO,95,488.2989,73.38015711278481,90.92494781372639
159809,PETROLERA EL TREBOL S.A.,PUESTO ROJAS,95,939.2809,77.96455778031897,100.0
159813,PETROLERA EL TREBOL S.A.,PUESTO ROJAS,94,49.23,100.0,100.0
159834,YPF S.A.,EL OREJANO,95,92.73,100.0,100.0
159835,YPF S.A.,EL OREJANO,95,146.75,99.2504258943782,100.0
159837,YPF S.A.,BANDURRIA SUR,96,2960.07,72.25741283145331,98.28754049735309
159838,YPF S.A.,BANDURRIA SUR,96,1519.07,82.28982206218278,94.40644604922748
159840,YPF S.A.,LOMA CAMPANA-LLL,96,2428.04,61.613482479695556,80.43895487718488
159841,YPF S.A.,LOMA CAMPANA-LLL,96,3581.2,66.65391488886407,82.27744889981012
159842,YPF S.A.,LOMA CAMPANA-LLL,96,3142.79,63.20180476582908,79.8949341190471
159843,YPF S.A.,LOMA CAMPANA-LLL,96,4248.61,59.53735457008291,86.1324056573797
159847,YPF S.A.,LOMA CAMPANA,95,4189.6,83.32299026160015,99.72145312201643
159848,YPF S.A.,LOMA CAMPANA,95,7983.26,61.246658633189945,91.35916906126069
159864,PETROLERA EL TREBOL S.A.,PUESTO ROJAS,94,292.48,100.0,100.0
159873,TOTAL AUSTRAL S.A.,AGUADA PICHANA ESTE VACA MUERTA,96,86.3242,36.366928393196815,76.8650853410747
159874,TOTAL AUSTRAL S.A.,AGUADA PICHANA ESTE VACA MUERTA,95,54.86548,29.89672194611257,70.44546042429593
159884,KILWER S.A.,MATA MORA NORTE,95,3814.392,100.0,92.37399302431423
159921,TECPETROL S.A.,FORTIN DE PIEDRA,95,254.5672,71.4461721698632,98.0524541260618
159922,TECPETROL S.A.,FORTIN DE PIEDRA,95,208.7604,97.57399343936876,96.39964044905068
159942,PAN AMERICAN ENERGY (SUCURSAL ARGENTINA) LLC,LINDERO ATRAVESADO OCCIDENTAL,94,5193.238,70.2831836322541,93.14264818981914
159957,TECPETROL S.A.,FORTIN DE PIEDRA,95,275.8592,70.53405142913486,98.22901791928636
159958,TECPETROL S.A.,FORTIN DE PIEDRA,95,104.2631,87.9818651085571,99.88165611803217
159959,TECPETROL S.A.,FORTIN DE PIEDRA,95,216.6141,41.63468583070078,97.71229527533065
159960,TECPETROL S.A.,FORTIN DE PIEDRA,95,209.9071,59.889436803233444,97.92961600631898
159961,TECPETROL S.A.,FORTIN DE PIEDRA,95,364.8786,66.22301225667935,99.27566812633025
159962,TECPETROL S.A.,FORTIN DE PIEDRA,95,442.1042,71.02054221606579,99.0428577697294
159963,TECPETROL S.A.,FORTIN DE PIEDRA,95,320.927,64.17288043698412,96.38027027953397
159964,TECPETROL S.A.,FORTIN DE PIEDRA,95,413.4913,65.51163228827306,96.8836998505168
159980,YPF S.A.,EL OREJANO,95,8.8,100.0,100.0
159983,YPF S.A.,BANDURRIA SUR,94,6554.28,73.3227753467963,94.90836522089383
159984,YPF S.A.,BANDURRIA SUR,94,9860.48,72.00095735704551,94.84163042772765
159985,YPF S.A.,BANDURRIA SUR,96,3403.9,85.33858221451864,99.13775375304797
159986,YPF S.A.,BANDURRIA SUR,95,4473.41,68.11917530474514,92.49476350256292
159989,YPF S.A.,LOMA CAMPANA,94,4335.88,66.59294076404329,96.54141719789293
160002,TOTAL AUSTRAL S.A.,AGUADA PICHANA ESTE VACA MUERTA,95,27.7,56.381624548736454,82.67292418772563
160004,TOTAL AUSTRAL S.A.,AGUADA PICHANA ESTE VACA MUERTA,95,93.69128,49.95115874177405,89.25892569724738
160005,TOTAL AUSTRAL S.A.,AGUADA PICHANA ESTE VACA MUERTA,95,109.4485,49.073975431367266,92.77490874703628
160021,PETROLERA EL TREBOL S.A.,PUESTO ROJAS,93,913.909,88.861582498914,72.63567816927068
160023,TECPETROL S.A.,FORTIN DE PIEDRA,94,225.9219,69.30383907005032,93.01214269178863
160024,TECPETROL S.A.,FORTIN DE PIEDRA,94,222.665,37.65252733927649,94.86700199851795
160026,TECPETROL S.A.,FORTIN DE PIEDRA,94,237.8912,45.58087899005932,93.66336375620452
160027,TECPETROL S.A.,FORTIN DE PIEDRA,94,263.8672,61.33695283081793,92.57194907135104
160049,YPF S.A.,LA AMARGA CHICA,93,6135.86,90.30355972919851,97.427418487384
160050,YPF S.A.,LA AMARGA CHICA,93,5273.04,89.22632864533551,90.2160802876519
160051,YPF S.A.,LA AMARGA CHICA,93,6228.49,100.0,87.76766118272647
160052,YPF S.A.,BANDURRIA SUR,93,1586.08,55.62140623423787,98.25923030364169
160053,YPF S.A.,LOMA CAMPANA-LLL,93,1988.47,56.13662765845097,79.54205997576025
160054,YPF S.A.,LOMA CAMPANA-LLL,93,4436.57,55.49039009865729,86.52517598054352
160055,YPF S.A.,LOMA CAMPANA-LLL,93,3355.31,68.18654610155247,84.17672286614352
160056,YPF S.A.,LOMA CAMPANA-LLL,93,6102.67,66.56463482377386,89.98635023686353
160057,YPF S.A.,LOMA CAMPANA-LLL,93,5963.7,93.9515736874759,88.20480574140215
160146,YPF S.A.,LA AMARGA CHICA,92,5305.91,100.0,89.89183759242052
160148,YPF S.A.,LOMA CAMPANA-LLL,92,4851.2,89.90167381266491,87.30169854881267
160149,YPF S.A.,LOMA CAMPANA-LLL,92,7455.04,86.20114714340902,73.51107438726017
160150,YPF S.A.,LOMA CAMPANA-LLL,92,7426.84,100.0,100.0
160154,YPF S.A.,RINCON DEL MANGRULLO,92,158.95,86.67505504875747,100.0
160164,PAN AMERICAN ENERGY (SUCURSAL ARGENTINA) LLC,LINDERO ATRAVESADO OCCIDENTAL,92,4608.233,73.99669244154973,94.41912116856939
160184,TOTAL AUSTRAL S.A.,RINCON LA CENIZA,92,82.7003028583186,84.21035770283576,60.67729031692548
160192,EXXONMOBIL EXPLORATION ARGENTINA S.R.L.,PAMPA DE LAS YEGUAS I,92,1.6,100.0,100.0
160194,PETROLERA EL TREBOL S.A.,PUESTO ROJAS,92,456.02,50.40919257927283,100.0
160205,TECPETROL S.A.,FORTIN DE PIEDRA,92,305.039,49.64102950770229,96.57332668937416
160207,TECPETROL S.A.,FORTIN DE PIEDRA,91,212.2815,43.568987405873806,100.0
160208,Vista Oil & Gas Argentina SA,MEDANO DE LA MORA,91,5359.904,100.0,89.71058063726515
160209,Vista Oil & Gas Argentina SA,MEDANO DE LA MORA,91,7657.437,100.0,100.0
160210,Vista Oil & Gas Argentina SA,MEDANO DE LA MORA,91,5695.185,100.0,100.0
160211,Vista Oil & Gas Argentina SA,MEDANO DE LA MORA,91,6824.254,100.0,99.19626379674614
160275,YPF S.A.,RINCON DEL MANGRULLO,91,18.78,100.0,100.0
160306,TECPETROL S.A.,FORTIN DE PIEDRA,90,391.5149,11.758505231857086,92.4706543735628
160307,TECPETROL S.A.,FORTIN DE PIEDRA,90,421.4142,33.63856747114834,96.9278562516403
160308,TECPETROL S.A.,FORTIN DE PIEDRA,90,381.4935,4.306678881815806,97.55052550043447
160330,YPF S.A.,AGUADA DE LA ARENA,90,1513.96,78.22531638880817,100.0
160331,YPF S.A.,AGUADA DE LA ARENA,90,2409.5,75.74766549076571,100.0
160332,YPF S.A.,LA ANGOSTURA SUR II,90,3452.54,51.88498902257468,93.84511113556975
160333,YPF S.A.,LA AMARGA CHICA,90,5867.45,79.812525032169,94.39023766712967
160334,YPF S.A.,LA AMARGA CHICA,90,5251.51,66.2089570428315,85.37830071731749
160335,YPF S.A.,LOMA CAMPANA-LLL,90,7266.33,74.59749281962146,95.20225478336381
160338,YPF S.A.,LA RIBERA BLOQUE I,90,973.88,17.76810284634657,80.17312194520886
160339,YPF S.A.,LA RIBERA BLOQUE I,90,647.2,84.99536464771322,75.37855377008653
160344,SHELL ARGENTINA S.A.,COIRON AMARGO SUR OESTE,88,5314.43,76.35343771580395,86.264566472792
160345,SHELL ARGENTINA S.A.,COIRON AMARGO SUR OESTE,88,3959.01,74.45699808790582,93.3536414406632
160346,SHELL ARGENTINA S.A.,COIRON AMARGO SUR OESTE,88,5123.69,80.43519416670406,95.78682551052073
160426,YPF S.A.,AGUADA DE LA ARENA,89,58.5,100.0,100.0
160427,YPF S.A.,AGUADA DE LA ARENA,89,1244.44,100.0,100.0
160428,YPF S.A.,BAJO DEL TORO NORTE,89,4916.75,78.95032287588346,94.97045812782834
160429,YPF S.A.,BAJO DEL TORO NORTE,89,5155.13,74.12480383617873,99.62057212912187
160430,YPF S.A.,LA AMARGA CHICA,89,4801.09,59.156983101753966,85.3856103509828
160431,YPF S.A.,LA AMARGA CHICA,89,4438.23,73.98197028995793,97.61684275037571
160432,YPF S.A.,LOMA CAMPANA-LLL,89,4103.79,60.88225762039481,85.93178500849214
160433,YPF S.A.,LOMA CAMPANA-LLL,89,6164.59,53.82239532556099,83.32508731318708
160434,YPF S.A.,LOMA CAMPANA-LLL,89,3297.58,76.90002971876346,91.1641264199807
160435,YPF S.A.,LOMA CAMPANA-LLL,89,5493.66,42.7944212055351,86.58544576839485
160436,YPF S.A.,LOMA CAMPANA-LLL,89,5880.18,43.945763565060936,90.31271151563386
160437,YPF S.A.,LOMA CAMPANA-LLL,89,2578.1,60.211008106745275,81.84127846088205
160447,PAN AMERICAN ENERGY SL,BANDURRIA CENTRO,89,1842.044,64.92050135610225,82.55041681957651
160455,PAN AMERICAN ENERGY SL,BANDURRIA CENTRO,89,3055.596,73.8984636712445,96.14787098818037
160461,TOTAL AUSTRAL S.A.,AGUADA PICHANA ESTE VACA MUERTA,89,120.7,37.16573322286661,84.17722452361225
160462,TOTAL AUSTRAL S.A.,AGUADA PICHANA ESTE VACA MUERTA,89,169.5,44.82743362831858,90.34378761061946
160463,TECPETROL S.A.,FORTIN DE PIEDRA,89,1695.359,54.63886409899024,88.96896763458358
160464,TECPETROL S.A.,FORTIN DE PIEDRA,89,1620.212,60.99052469676808,100.0
160466,TECPETROL S.A.,FORTIN DE PIEDRA,89,1640.207,38.37296146157162,91.9536314623703
160472,SHELL ARGENTINA S.A.,BAJADA DE AÑELO,88,2909.59,26.527448884550754,76.01414632302146
160518,YPF S.A.,AGUADA DE LA ARENA,88,6.88,100.0,100.0
160519,YPF S.A.,AGUADA DE LA ARENA,88,27.18,100.0,100.0
160520,YPF S.A.,LOMA CAMPANA-LLL,88,6300.5,54.04332989445282,90.83850488056503
160521,YPF S.A.,LA RIBERA BLOQUE I,88,930.93,55.00843242778727,77.46339681823554
160522,YPF S.A.,LA RIBERA BLOQUE I,88,1063.76,39.87083552681055,83.319545762202
160524,YPF S.A.,RINCON DEL MANGRULLO,88,147.08,100.0,100.0
160525,YPF S.A.,RINCON DEL MANGRULLO,88,243.81,100.0,100.0
160526,YPF S.A.,RINCON DEL MANGRULLO,88,115.39,100.0,100.0
160536,TOTAL AUSTRAL S.A.,SAN ROQUE VACA MUERTA,88,2686.304,72.75494508439849,95.22983995854527
160537,TOTAL AUSTRAL S.A.,SAN ROQUE VACA MUERTA,88,3544.374,75.26759309260252,99.1193367291375
160557,SHELL ARGENTINA S.A.,BAJADA DE AÑELO,87,2872.86,100.0,57.116601574737366
160571,Vista Oil & Gas Argentina SA,MEDANO DE LA MORA,87,5709.103,89.1443191688782,85.77701260600834
160572,Vista Oil & Gas Argentina SA,MEDANO DE LA MORA,87,8226.729,71.41319472174177,94.81787962141453
160574,Vista Oil & Gas Argentina SA,MEDANO DE LA MORA,87,5817.248,54.689640187250056,92.93382369120243
160575,Vista Oil & Gas Argentina SA,MEDANO DE LA MORA,87,8024.737,69.47502453974504,86.65907680214318
160577,TECPETROL S.A.,FORTIN DE PIEDRA,87,277.4068,30.500874527949563,94.02530868024864
160578,TECPETROL S.A.,FORTIN DE PIEDRA,87,215.5069,77.0140399216916,95.13028121141365
160691,YPF S.A.,LOMA CAMPANA,87,6991.91,50.510518585050434,100.0
160692,YPF S.A.,LOMA CAMPANA,87,6242.13,59.32125732722644,92.87150379758191
160693,YPF S.A.,LOMA CAMPANA,87,8383.35,53.96243745042257,90.59898489267417
160694,YPF S.A.,LOMA CAMPANA-LLL,87,9562.71,59.48679819841865,85.39545798209922
160696,YPF S.A.,LOMA LA LATA,87,39.6,100.0,100.0
160697,YPF S.A.,LOMA LA LATA,87,1174.07,100.0,100.0
160698,YPF S.A.,LAS MANADAS,87,1077.81,80.32677373563058,100.0
160699,YPF S.A.,LAS MANADAS,87,1234.73,80.13735796489921,100.0
160700,YPF S.A.,LAS MANADAS,87,1554.1,51.67492439353967,100.0
160742,KILWER S.A.,MATA MORA NORTE,87,3808.32,100.0,93.7653611041089
160752,SHELL ARGENTINA S.A.,BAJADA DE AÑELO,86,1848.83,100.0,55.207347349404756
160753,SHELL ARGENTINA S.A.,BAJADA DE AÑELO,86,3130.56,61.89467699069815,56.15672595318409
160755,SHELL ARGENTINA S.A.,SIERRAS BLANCAS,86,6404.4,71.57282493285865,90.03185310099306
160786,PAN AMERICAN ENERGY SL,LINDERO ATRAVESADO OCCIDENTAL,86,4751.284,69.62341127156364,93.07986220145965
160789,PAN AMERICAN ENERGY SL,LINDERO ATRAVESADO OCCIDENTAL,86,4911.84,67.64623847682336,90.21278583992964
160810,PLUSPETROL S.A.,LA CALERA,86,3698.26,65.02977075705874,98.21724270332535
160811,PLUSPETROL S.A.,LA CALERA,86,2499.63,56.41314914607363,100.0
160812,PLUSPETROL S.A.,LA CALERA,86,3425.94,62.86712551883571,99.90796686456855
160813,PLUSPETROL S.A.,LA CALERA,86,1656.97,59.80011708117829,99.87290053531446
160814,PLUSPETROL S.A.,LA CALERA,86,1357.54,63.45080071305449,100.0
160815,PLUSPETROL S.A.,LA CALERA,86,1227.52,41.893411105318044,100.0
160817,TOTAL AUSTRAL S.A.,RINCON LA CENIZA,86,1577.990602,55.230661443445015,96.0627141935285
160818,TOTAL AUSTRAL S.A.,RINCON LA CENIZA,86,2879.017486,41.57136953214046,93.90521242565319
160846,YPF S.A.,BARDA GONZALEZ,86,1748.61,35.41441487810319,89.8744145349735
160847,YPF S.A.,EL OREJANO,86,346.33,100.0,100.0
160848,YPF S.A.,LOMA LA LATA,86,416.3,100.0,100.0
160849,YPF S.A.,LA RIBERA BLOQUE I,86,601.68,99.25375614944821,98.52911846828879
160850,YPF S.A.,RINCON DEL MANGRULLO,86,173.19,100.0,100.0
160851,YPF S.A.,RINCON DEL MANGRULLO,86,253.11,100.0,99.99604914859152
160852,YPF S.A.,RINCON DEL MANGRULLO,86,144.22,66.46096241852726,100.0
160854,YPF S.A.,LOMA CAMPANA,86,7866.8,51.63840443382315,90.37486652768597
160855,YPF S.A.,LOMA CAMPANA,86,3451.35,56.55728917669898,89.245657496342
160856,YPF S.A.,LOMA CAMPANA,86,3850.68,46.703958781306156,89.28397062337041
160858,EXXONMOBIL EXPLORATION ARGENTINA S.R.L.,AGUADA LOS LOROS,86,2529.75,80.2929143195968,91.56082616859374
160859,EXXONMOBIL EXPLORATION ARGENTINA S.R.L.,AGUADA LOS LOROS,86,2775.09,68.44282527773873,89.82375346385163
160860,EXXONMOBIL EXPLORATION ARGENTINA S.R.L.,AGUADA LOS LOROS,86,3120.33,66.90670538052066,100.0
160865,SHELL ARGENTINA S.A.,SIERRAS BLANCAS,85,6405.31,64.90365025268098,87.55938432331925
160866,SHELL ARGENTINA S.A.,SIERRAS BLANCAS,85,5744.59,82.06869419749712,91.55762204091154
160885,WINTERSHALL ENERGIA S.A.,AGUADA FEDERAL,85,4159.59,63.31297074952098,81.29039160109531
160886,WINTERSHALL ENERGIA S.A.,AGUADA FEDERAL,85,4491.75,33.376523626648854,82.09880336171871
160888,PLUSPETROL S.A.,LA CALERA,85,1783.27,80.58117951852496,79.51639404016217
160897,PAN AMERICAN ENERGY SL,BANDURRIA CENTRO,85,1751.433,59.58984443024655,93.43693992290885
160909,PAN AMERICAN ENERGY SL,BANDURRIA CENTRO,85,1899.012,49.76526741273884,87.96595808767927
160911,PAN AMERICAN ENERGY SL,COIRON AMARGO SUR ESTE,85,4235.241,69.4893395676893,85.70440737610917
160925,YPF S.A.,LA AMARGA CHICA,85,5173.25,67.60972309476634,89.69680568308124
160926,YPF S.A.,LA AMARGA CHICA,85,2341.22,54.02696030274814,83.45606136971323
160927,YPF S.A.,LA AMARGA CHICA,85,4383.29,64.71828238606162,85.82822491781288
160928,YPF S.A.,LOMA CAMPANA-LLL,85,7716.06,64.30626511457919,98.13570656526777
160930,YPF S.A.,LA ANGOSTURA SUR I,85,4925.17,56.24354083209311,94.82555932079502
160931,YPF S.A.,RINCON DEL MANGRULLO,85,587.25,100.0,100.0
160932,YPF S.A.,LOMA CAMPANA,85,8672.45,52.15804069207663,92.48770531971934
160941,EXXONMOBIL EXPLORATION ARGENTINA S.R.L.,BAJO DEL CHOIQUE,84,10335.0,66.00174165457184,88.09395258829221
160942,EXXONMOBIL EXPLORATION ARGENTINA S.R.L.,BAJO DEL CHOIQUE,84,8349.22,68.86643303206766,70.81703440560914
160943,EXXONMOBIL EXPLORATION ARGENTINA S.R.L.,BAJO DEL CHOIQUE,84,10261.7,100.0,61.89169435863453
160944,EXXONMOBIL EXPLORATION ARGENTINA S.R.L.,AGUA DE AFUERA,84,1891.28,100.0,100.0
160945,TECPETROL S.A.,FORTIN DE PIEDRA,86,1077.744,47.49941544559746,92.31472501818614
160950,TECPETROL S.A.,FORTIN DE PIEDRA,86,2187.175,40.40252837564439,83.90300273183445
160951,TECPETROL S.A.,FORTIN DE PIEDRA,86,1109.031,61.69233321701557,100.0
161222,PAN AMERICAN ENERGY SL,LINDERO ATRAVESADO OCCIDENTAL,84,4560.031,61.272302754082155,91.62401088939966
161223,PAN AMERICAN ENERGY SL,AGUADA CÁNEPA,84,5171.792,38.87609942549894,95.66383953569671
161229,PAN AMERICAN ENERGY SL,LINDERO ATRAVESADO OCCIDENTAL,84,3469.024,59.98900555314693,84.11504503860452
161252,YPF S.A.,SIERRA BARROSA,84,1795.22,56.85932643352905,100.0
161253,YPF S.A.,LA AMARGA CHICA,84,5696.39,69.45942956855131,88.69283879790534
161254,YPF S.A.,LA AMARGA CHICA,84,2780.02,69.42575952690989,96.3406738081021
161255,YPF S.A.,LA AMARGA CHICA,84,3936.48,78.1723773523554,99.40327399097671
161256,YPF S.A.,LA AMARGA CHICA,84,3447.22,63.8122893229907,96.16038430967562
161277,PLUSPETROL S.A.,LA CALERA,84,2553.74,68.11030097034154,87.08200521587945
161278,PLUSPETROL S.A.,LA CALERA,84,1940.15,72.03463649717806,81.14645774811227
161279,PLUSPETROL S.A.,LA CALERA,84,4322.03,75.2833737850038,83.20451269426636
161307,PLUSPETROL S.A.,LA CALERA,83,5228.03,69.77102273705391,87.71567875471258
161308,PLUSPETROL S.A.,LA CALERA,83,4966.16,59.17026434911481,89.80260402403466
161364,YPF S.A.,LA AMARGA CHICA,83,3592.78,66.67093448527324,74.29678410590128
161365,YPF S.A.,LA AMARGA CHICA,83,5665.39,57.30655788921857,91.8254524401674
161366,YPF S.A.,LA AMARGA CHICA,83,4841.75,51.79738730830794,69.35942582743843
161367,YPF S.A.,LA AMARGA CHICA,83,3665.96,69.89028794640421,93.22142085565581
161368,YPF S.A.,BANDURRIA SUR,83,6156.61,70.48473104516934,86.23122140268752
161369,YPF S.A.,BANDURRIA SUR,83,5484.93,71.13035170913759,89.9769003433043
161370,YPF S.A.,LOMA CAMPANA-LLL,83,7927.69,70.16167382932481,92.85327756256866
161371,YPF S.A.,LOMA CAMPANA-LLL,83,4672.85,52.97131301026141,83.71357950715303
161372,YPF S.A.,LOMA CAMPANA-LLL,83,6421.42,77.08139321209327,85.51628767468877
161373,YPF S.A.,LOMA CAMPANA-LLL,83,6005.15,57.22155150162778,88.14800629459714
161374,YPF S.A.,LOMA CAMPANA-LLL,83,4718.17,67.50498604331764,92.36843945851886
161375,YPF S.A.,LA RIBERA BLOQUE I,83,140.0,78.05,84.23571428571428
161376,YPF S.A.,LA RIBERA BLOQUE I,83,292.57,82.92716273028677,82.73575554568137
161377,YPF S.A.,LA RIBERA BLOQUE I,83,188.33,100.0,97.63712632081983
161421,YPF S.A.,LA AMARGA CHICA,82,5388.81,86.57532924708795,75.51333225702892
161422,YPF S.A.,LA AMARGA CHICA,82,6375.99,74.80234442023905,91.56836820634912
161423,YPF S.A.,LA AMARGA CHICA,82,5639.5,73.3960457487366,86.8114194520791
161424,YPF S.A.,BANDURRIA SUR,82,6269.15,75.32504406498488,76.86927254891015
161425,YPF S.A.,BANDURRIA SUR,82,6125.58,75.24887439230244,86.19053216185243
161451,PAN AMERICAN ENERGY SL,COIRON AMARGO SUR ESTE,82,5296.937,42.67823083415945,79.56921141406816
161460,SHELL ARGENTINA S.A.,SIERRAS BLANCAS,81,4047.07,52.56716587555936,80.06113064513339
161483,PAN AMERICAN ENERGY SL,LINDERO ATRAVESADO OCCIDENTAL,81,4127.04,52.832538574862376,76.94083895479568
161485,PAN AMERICAN ENERGY SL,LINDERO ATRAVESADO OCCIDENTAL,81,1735.13,71.96810037288273,81.92301441390559
161512,YPF S.A.,LA AMARGA CHICA,81,6047.47,93.0551123031615,100.0
161513,YPF S.A.,BANDURRIA SUR,81,5750.79,78.04075613959127,68.24540628331064
161514,YPF S.A.,BANDURRIA SUR,81,5536.72,67.02144952246095,86.26641766244273
161515,YPF S.A.,BANDURRIA SUR,81,6042.19,53.35151658587366,79.29773807179185
161516,YPF S.A.,BANDURRIA SUR,81,5739.75,62.52519709046561,84.42737053007535
161522,PAMPA ENERGIA S.A.,RINCON DE ARANDA,81,3427.2,100.0,91.36895424836601
161529,TOTAL AUSTRAL S.A.,RINCON LA CENIZA,81,3316.943198,66.46672325680267,82.26167996018845
161530,TOTAL AUSTRAL S.A.,RINCON LA CENIZA,81,4201.888607,47.13682539561906,87.76097969034046
161531,SHELL ARGENTINA S.A.,SIERRAS BLANCAS,80,5210.83,80.87847809274147,91.06744990721248
161532,SHELL ARGENTINA S.A.,SIERRAS BLANCAS,80,4032.55,68.69722632081438,84.03293201572207
161533,SHELL ARGENTINA S.A.,SIERRAS BLANCAS,80,5097.2,74.4832457035235,90.09946637369536
161577,PAN AMERICAN ENERGY SL,AGUADA CÁNEPA,80,3428.826,47.06176399735653,82.27071014977138
161581,PAN AMERICAN ENERGY SL,COIRON AMARGO SUR ESTE,80,4142.763,70.26918991021209,87.21152042730903
161582,VISTA OIL & GAS ARGENTINA SAU,MEDANO DE LA MORA,80,10189.616,68.46358096320803,95.74133117479599
161583,VISTA OIL & GAS ARGENTINA SAU,MEDANO DE LA MORA,80,6359.544,70.49499146479685,95.07681682837638
161584,VISTA OIL & GAS ARGENTINA SAU,MEDANO DE LA MORA,80,10780.758,72.2997863415541,90.88821954819875
161585,VISTA OIL & GAS ARGENTINA SAU,MEDANO DE LA MORA,80,5304.998,74.04123432280277,91.79426646343694
161603,YPF S.A.,CHIHUIDO DE LA SIERRA NEGRA,80,1966.44,18.57773438294584,83.63794471227193
161604,YPF S.A.,CHIHUIDO DE LA SIERRA NEGRA,80,3370.42,87.29980239851413,100.0
161605,YPF S.A.,LOMA CAMPANA-LLL,80,6778.04,56.79960578574337,85.32717422735776
161606,YPF S.A.,LOMA CAMPANA-LLL,80,5197.73,71.78287444711441,91.30986026592379
161607,YPF S.A.,LOMA CAMPANA-LLL,80,4803.76,33.427148733492096,87.12716705247556
161608,YPF S.A.,LOMA CAMPANA-LLL,80,5268.61,56.60620163572555,94.08022229772179
161641,PAN AMERICAN ENERGY SL,LINDERO ATRAVESADO OCCIDENTAL,79,3520.718,56.73879589333766,85.71361296190152
161654,PAN AMERICAN ENERGY SL,COIRON AMARGO SUR ESTE,79,3995.629,59.81018257701103,86.35415600397334
161685,YPF S.A.,LA AMARGA CHICA,79,7065.53,64.1784834258718,97.27366524521162
161686,YPF S.A.,LA AMARGA CHICA,79,5383.39,47.12736769953505,96.10189861778545
161687,YPF S.A.,LA AMARGA CHICA,79,5758.23,53.05362932706752,86.17057672236086
161688,YPF S.A.,LA AMARGA CHICA,79,8689.52,64.13046980730812,88.57761993757998
161689,YPF S.A.,LOMA CAMPANA-LLL,79,3895.08,47.27656428109307,87.94402168889984
161690,YPF S.A.,LOMA CAMPANA-LLL,79,6131.43,55.58735890322486,91.28620892679196
161691,YPF S.A.,LOMA CAMPANA-LLL,79,6564.09,59.93275534003952,94.31985240909249
161692,YPF S.A.,LOMA CAMPANA-LLL,79,2096.63,58.652218083305115,80.05609001111307
161704,SHELL ARGENTINA S.A.,CRUZ DE LORENA,78,4706.05,66.1161696114576,90.61059699748196
161705,SHELL ARGENTINA S.A.,CRUZ DE LORENA,78,4150.6,82.60974316966222,84.42514335276827
161706,SHELL ARGENTINA S.A.,CRUZ DE LORENA,78,4519.47,64.64098666436551,83.470406928246
161707,SHELL ARGENTINA S.A.,CRUZ DE LORENA,78,4492.99,90.06519044110937,88.1849280768486
161720,YPF S.A.,LA AMARGA CHICA,78,3680.87,64.18645591938864,100.0
161721,YPF S.A.,LA AMARGA CHICA,78,4156.16,52.62165075454266,90.19383276870958
161722,YPF S.A.,LA AMARGA CHICA,78,3131.39,51.55218608988341,83.93461050843236
161723,YPF S.A.,LOMA CAMPANA-LLL,78,2360.67,52.89811790720431,89.69063867461357
161724,YPF S.A.,SIERRA BARROSA,78,964.09,64.5282079473908,83.53369498698254
161774,PAN AMERICAN ENERGY SL,COIRON AMARGO SUR ESTE,75,4945.046,47.86812903257118,86.36972638879395
161844,SHELL ARGENTINA S.A.,CRUZ DE LORENA,73,3701.88,67.52460911752947,85.94362864274369
161845,SHELL ARGENTINA S.A.,CRUZ DE LORENA,73,4331.83,68.92191060129322,84.39735631361341
161846,SHELL ARGENTINA S.A.,CRUZ DE LORENA,73,4822.1,77.37251404989529,84.74233217892619
161847,SHELL ARGENTINA S.A.,CRUZ DE LORENA,73,4047.49,57.03979503346519,89.67112951483513
161865,VISTA OIL & GAS ARGENTINA SAU,MEDANO DE LA MORA,72,5965.245,58.57568297697748,87.75663028090213
161866,VISTA OIL & GAS ARGENTINA SAU,MEDANO DE LA MORA,72,9245.907,77.72640369408863,90.99708660275299
161867,VISTA OIL & GAS ARGENTINA SAU,MEDANO DE LA MORA,72,7478.52,70.28787781539663,91.74577322785792
161868,VISTA OIL & GAS ARGENTINA SAU,MEDANO DE LA MORA,72,10919.795,65.68618733227134,86.75972396917709
161872,CHEVRON ARGENTINA S.R.L.,EL TRAPIAL,72,2737.23,70.47854948250604,92.98926286793584
161873,CHEVRON ARGENTINA S.R.L.,EL TRAPIAL,72,3716.02,100.0,99.9908504259934
161874,CHEVRON ARGENTINA S.R.L.,EL TRAPIAL,72,3138.6,90.13031287835341,91.10686293251769
161875,CHEVRON ARGENTINA S.R.L.,EL TRAPIAL,72,2531.54,94.973810407894,79.11547911547912
161915,SHELL ARGENTINA S.A.,SIERRAS BLANCAS,70,5006.21,98.9389178640129,91.2620525307568
161916,SHELL ARGENTINA S.A.,SIERRAS BLANCAS,70,4729.8,76.24889001649117,88.44221742991247
161917,SHELL ARGENTINA S.A.,SIERRAS BLANCAS,70,4503.79,75.03280570364072,92.90108997089118
161918,SHELL ARGENTINA S.A.,SIERRAS BLANCAS,70,4848.28,56.74796010131428,93.73365399688137
161932,VISTA OIL & GAS ARGENTINA SAU,BAJADA DEL PALO OESTE,70,6624.141,72.95296099524451,80.91477823313242
161933,VISTA OIL & GAS ARGENTINA SAU,BAJADA DEL PALO OESTE,70,6858.27,66.73368065124295,95.76053436216422
161934,VISTA OIL & GAS ARGENTINA SAU,BAJADA DEL PALO OESTE,70,6970.896,69.51067696319096,87.94337198546643
161935,VISTA OIL & GAS ARGENTINA SAU,BAJADA DEL PALO OESTE,70,6312.233,64.8843919418057,88.71911097071353
161948,YPF S.A.,LA AMARGA CHICA,70,7291.75,73.62937566427811,95.17468371790036
161949,YPF S.A.,LA AMARGA CHICA,70,5884.12,61.11177202368408,82.56816652277655
161950,YPF S.A.,LA AMARGA CHICA,70,7087.57,74.15940865487043,89.59347138723145
161951,YPF S.A.,LA AMARGA CHICA,70,8060.16,66.44049249642687,76.4182100603462
161952,YPF S.A.,LA AMARGA CHICA,70,6626.2,81.41302707434124,86.13669976758926
161953,YPF S.A.,LA AMARGA CHICA,70,4366.97,64.78175943503162,90.67156403639136
161954,YPF S.A.,LA AMARGA CHICA,70,5179.49,63.63329208088055,96.59310086514309
161955,YPF S.A.,LA AMARGA CHICA,70,6453.03,73.73233969158674,91.40930694572937
161957,YPF S.A.,NARAMBUENA,70,5299.44,78.0903265250668,100.0
161958,YPF S.A.,NARAMBUENA,70,2972.79,89.0839918056775,100.0
161998,VISTA OIL & GAS ARGENTINA SAU,BAJADA DEL PALO OESTE,69,9412.567,65.21136051408718,90.37635535555816
161999,VISTA OIL & GAS ARGENTINA SAU,BAJADA DEL PALO OESTE,69,7342.369,59.94355500247944,93.62258965737081
162000,VISTA OIL & GAS ARGENTINA SAU,BAJADA DEL PALO OESTE,69,8021.874,62.217307327439954,90.53611412994022
162001,VISTA OIL & GAS ARGENTINA SAU,BAJADA DEL PALO OESTE,69,8049.759,51.2720939844286,80.29830458278316
162024,YPF S.A.,BANDURRIA SUR,69,11550.42,70.4883458783317,96.90677914742494
162025,YPF S.A.,BANDURRIA SUR,69,7202.02,77.95312981635708,90.54279216108813
162026,YPF S.A.,BANDURRIA SUR,69,9122.51,68.55909174119843,97.29197337136381
162027,YPF S.A.,BANDURRIA SUR,69,7507.06,72.68078315612237,90.14274562878144
162028,YPF S.A.,LOMA CAMPANA-LLL,69,9025.88,66.58586198797236,94.64982915793252
162029,YPF S.A.,LOMA CAMPANA-LLL,69,3007.72,63.833402045403155,91.7791549745322
162030,YPF S.A.,LOMA CAMPANA,69,5674.08,69.1592293376195,90.56622395172434
162031,YPF S.A.,LOMA CAMPANA,69,3673.72,66.74324662739674,90.44020774582712
162073,PLUSPETROL S.A.,LA CALERA,68,4553.55,77.44485072086614,90.49104544805701
162074,PLUSPETROL S.A.,LA CALERA,68,6516.33,96.08936318449189,83.70604312550162
162080,YPF S.A.,LOMA CAMPANA,68,7483.48,66.80381319920679,90.23529160230267
162081,YPF S.A.,LOMA CAMPANA,68,7146.62,68.63832133232212,86.36544268479365
162082,YPF S.A.,LOMA CAMPANA,68,5058.56,59.19016478997976,86.17234944331985
162083,YPF S.A.,LOMA CAMPANA,68,5758.88,66.43236184813715,87.49218598060735
162084,YPF S.A.,LOMA CAMPANA,68,8139.75,62.266285819589065,91.90429681501274
162085,YPF S.A.,LOMA CAMPANA,68,5153.98,55.39136744806925,98.48757659129448
162121,TECPETROL S.A.,FORTIN DE PIEDRA,67,2390.419,80.2659659248023,92.68007826243014
162122,TECPETROL S.A.,FORTIN DE PIEDRA,67,2504.195,79.63782772507733,82.20763159418496
162123,TECPETROL S.A.,FORTIN DE PIEDRA,68,195.8863,70.06138254691625,96.14396565762894
162124,TECPETROL S.A.,FORTIN DE PIEDRA,68,300.8283,73.40425418752159,95.9375131927415
162125,TECPETROL S.A.,FORTIN DE PIEDRA,68,178.4318,73.3686876442428,98.9036685164864
162126,TECPETROL S.A.,FORTIN DE PIEDRA,68,232.3054,58.2896394143227,98.48391600023074
162127,VISTA OIL & GAS ARGENTINA SAU,BAJADA DEL PALO OESTE,67,6557.967,55.34671034483705,89.59358898878264
162128,VISTA OIL & GAS ARGENTINA SAU,BAJADA DEL PALO OESTE,67,7293.142,52.358667910209334,81.98177136822511
162130,VISTA OIL & GAS ARGENTINA SAU,BAJADA DEL PALO OESTE,67,8832.494,54.50970020472135,91.59431073488416
162131,VISTA OIL & GAS ARGENTINA SAU,BAJADA DEL PALO OESTE,67,7322.141,50.69567767132591,79.33463723247067
162136,YPF S.A.,SIERRA BARROSA,67,2827.15,66.3831066621863,85.84510903206409
162165,SHELL ARGENTINA S.A.,CRUZ DE LORENA,65,5414.65,56.855752449373455,100.0
162166,SHELL ARGENTINA S.A.,CRUZ DE LORENA,65,5207.86,89.05711751083938,85.68221880004455
162167,SHELL ARGENTINA S.A.,CRUZ DE LORENA,65,4639.11,90.13237452873504,88.40618135806221
162168,SHELL ARGENTINA S.A.,CRUZ DE LORENA,65,3459.35,60.429560466561625,91.44868255597149
162169,SHELL ARGENTINA S.A.,CRUZ DE LORENA,65,4647.9,59.81195808859915,85.06551345769057
162170,SHELL ARGENTINA S.A.,CRUZ DE LORENA,65,5008.56,66.01338508473494,87.0222179628476
162171,SHELL ARGENTINA S.A.,CRUZ DE LORENA,65,4762.17,81.17601849576978,84.58139881608595
162172,SHELL ARGENTINA S.A.,CRUZ DE LORENA,65,6349.47,83.25214545466,89.56700323019086
162178,PLUSPETROL S.A.,LA CALERA,66,4155.96,81.47696320465067,100.0
162179,PLUSPETROL S.A.,LA CALERA,66,5272.97,65.53574171671752,80.36730722913272
162180,PLUSPETROL S.A.,LA CALERA,66,4688.76,75.32908487531886,80.17190045982306
162181,PLUSPETROL S.A.,LA CALERA,66,2001.55,70.07219404961155,100.0
162182,PLUSPETROL S.A.,LA CALERA,66,1597.13,52.67260648788765,100.0
162183,PLUSPETROL S.A.,LA CALERA,66,2032.36,69.14769036981637,100.0
162193,YPF S.A.,AGUADA DE LA ARENA,66,1030.22,74.64036807672147,63.13214653180874
162194,YPF S.A.,AGUADA DE LA ARENA,66,1303.25,49.11567235756762,73.52388260118934
162195,YPF S.A.,AGUADA DE LA ARENA,66,1105.39,66.88589547580493,70.38782692081529
162196,YPF S.A.,LA AMARGA CHICA,66,3826.83,61.238936665595276,99.73163166380529
162197,YPF S.A.,LA AMARGA CHICA,66,6205.15,61.368379491229064,99.85350877899809
162198,YPF S.A.,LA AMARGA CHICA,66,6010.09,73.42502358533733,99.70799106169791
162199,YPF S.A.,LA AMARGA CHICA,66,4149.53,58.11477444433466,100.0
162200,YPF S.A.,BANDURRIA SUR,66,6018.06,51.2236501463927,89.92299844135817
162201,YPF S.A.,BANDURRIA SUR,66,4691.27,60.10930941941095,78.03217465632974
162202,YPF S.A.,BANDURRIA SUR,66,3609.84,60.97721782682889,90.09208164350775
162203,YPF S.A.,BANDURRIA SUR,66,6038.99,29.241810302716186,100.0
162204,YPF S.A.,LOMA CAMPANA-LLL,66,6848.25,68.12703975468186,94.91651151754098
162205,YPF S.A.,LOMA CAMPANA-LLL,66,4610.98,50.777708860155535,100.0
162206,YPF S.A.,LOMA CAMPANA-LLL,66,4442.75,49.2181644251871,93.76309718080019
162207,YPF S.A.,LOMA CAMPANA-LLL,66,2931.43,53.878482515359394,87.36657535741942
162208,YPF S.A.,LOMA CAMPANA-LLL,66,7534.45,67.54905799361599,94.78143726483022
162209,YPF S.A.,LOMA CAMPANA-LLL,66,7527.98,56.46215850732865,95.3793713585849
162210,YPF S.A.,LOMA CAMPANA-LLL,66,5934.95,71.87120363271805,88.97362235570645
162211,YPF S.A.,LOMA CAMPANA-LLL,66,8560.84,71.57662098579112,93.19891505973713
162212,YPF S.A.,LOMA CAMPANA-LLL,66,2797.91,69.27885457359243,74.15142016719622
162213,YPF S.A.,LOMA CAMPANA-LLL,66,8208.67,76.87566926189018,96.96467271799207
162214,YPF S.A.,LOMA CAMPANA-LLL,66,6878.09,70.56508420215496,95.02085608068519
162215,YPF S.A.,LA RIBERA BLOQUE I,66,540.97,66.8780154167514,84.27269534354956
162219,YPF S.A.,RINCON DEL MANGRULLO,66,7.76,89.69072164948454,95.4896907216495
162242,EXXONMOBIL EXPLORATION ARGENTINA S.R.L.,BAJO DEL CHOIQUE,66,11718.39,71.80696324324416,96.66805764273079
162243,EXXONMOBIL EXPLORATION ARGENTINA S.R.L.,BAJO DEL CHOIQUE,66,11005.72,78.38832897802234,99.42239126563278
162244,EXXONMOBIL EXPLORATION ARGENTINA S.R.L.,BAJO DEL CHOIQUE,66,8531.9,45.175517762749216,95.38578745648682
162245,EXXONMOBIL EXPLORATION ARGENTINA S.R.L.,BAJO DEL CHOIQUE,66,8902.05,65.18970349526232,99.42271723928758
162246,EXXONMOBIL EXPLORATION ARGENTINA S.R.L.,BAJO DEL CHOIQUE,66,16513.3,71.04297747875954,88.33140559427855
162268,PAN AMERICAN ENERGY SL,LINDERO ATRAVESADO OCCIDENTAL,65,4899.666,71.23840686283513,86.16711833010659
162275,PAN AMERICAN ENERGY SL,LINDERO ATRAVESADO OCCIDENTAL,65,4439.998,66.4097371215032,85.40552495744367
162314,CHEVRON ARGENTINA S.R.L.,EL TRAPIAL,64,2852.8,59.67120022434101,79.20849691531127
162315,CHEVRON ARGENTINA S.R.L.,EL TRAPIAL,64,3441.33,42.87644602522862,68.25936483859438
162316,CHEVRON ARGENTINA S.R.L.,EL TRAPIAL,64,3624.04,29.498294720808815,76.13574905354245
162319,TECPETROL S.A.,FORTIN DE PIEDRA,64,636.2219,45.1271639659056,95.20069177122006
162320,TECPETROL S.A.,FORTIN DE PIEDRA,64,448.3244,65.6019168262981,96.3070758584632
162321,TECPETROL S.A.,FORTIN DE PIEDRA,64,591.2571,37.54730387169981,94.79509675232653
162322,TECPETROL S.A.,FORTIN DE PIEDRA,64,3191.367,81.7384368516689,95.17903769763866
162323,TECPETROL S.A.,FORTIN DE PIEDRA,64,2723.509,86.42732225228556,100.0
162324,PLUSPETROL S.A.,LA CALERA,64,574.46,40.84879713121888,75.21045851756432
162325,PLUSPETROL S.A.,LA CALERA,64,1102.25,32.49625765479701,79.21251984577002
162326,PLUSPETROL S.A.,LA CALERA,64,1072.04,40.99194059923137,68.86506100518636
162332,YPF S.A.,NARAMBUENA,64,3279.75,65.10008384785426,57.88002134309017
162333,YPF S.A.,NARAMBUENA,64,2022.38,63.16270928312186,52.26317507095602
162334,YPF S.A.,RINCON DEL MANGRULLO,64,32.55,89.6774193548387,100.0
162335,YPF S.A.,RINCON DEL MANGRULLO,64,24.06,53.61596009975062,100.0
162336,YPF S.A.,RINCON DEL MANGRULLO,64,16.54,55.62273276904474,100.0
162352,VISTA OIL & GAS ARGENTINA SAU,BAJADA DEL PALO OESTE,64,7748.009,61.66599703226985,91.67582278234319
162353,VISTA OIL & GAS ARGENTINA SAU,BAJADA DEL PALO OESTE,64,4421.765,55.14119361838543,83.58436054380999
162354,VISTA OIL & GAS ARGENTINA SAU,BAJADA DEL PALO OESTE,64,8250.548,65.41926669598189,98.3035551093091
162355,VISTA OIL & GAS ARGENTINA SAU,BAJADA DEL PALO OESTE,64,6600.701,59.366709687349875,86.4087011364399
162357,TECPETROL S.A.,FORTIN DE PIEDRA,64,2166.559,75.26704788561031,91.74766530706064
162362,PAN AMERICAN ENERGY SL,LINDERO ATRAVESADO OCCIDENTAL,64,4701.536,61.064022481163605,88.44274084044024
162371,PAN AMERICAN ENERGY SL,LINDERO ATRAVESADO OCCIDENTAL,64,4156.619,66.94017421370589,88.97025443034352
162385,SHELL ARGENTINA S.A.,CRUZ DE LORENA,64,4831.05,88.20960246737252,89.51780668798708
162386,SHELL ARGENTINA S.A.,CRUZ DE LORENA,64,5914.67,86.21867323113547,88.61221336101592
162387,SHELL ARGENTINA S.A.,CRUZ DE LORENA,64,6058.35,82.93776358249359,89.7034671156338
162388,SHELL ARGENTINA S.A.,CRUZ DE LORENA,64,5591.25,52.09461211714732,84.59718309859154
162390,TECPETROL S.A.,FORTIN DE PIEDRA,63,277.8634,54.41195205989706,97.24813019634828
162391,TECPETROL S.A.,FORTIN DE PIEDRA,63,343.7022,59.782509393306185,98.78727485596542
162398,YPF S.A.,AGUADA DE LA ARENA,63,22.68,73.2363315696649,100.0
162399,YPF S.A.,AGUADA DE LA ARENA,63,13.96,100.0,100.0
162400,YPF S.A.,LA AMARGA CHICA,63,5452.86,75.50276368731271,96.78884108522867
162401,YPF S.A.,LA AMARGA CHICA,63,6254.11,74.60070257798472,90.70307365876201
162402,YPF S.A.,LA AMARGA CHICA,63,3883.91,69.26679557456275,89.92844839350036
162403,YPF S.A.,LA AMARGA CHICA,63,4740.26,72.94304531818929,80.45170518072848
162404,YPF S.A.,LA AMARGA CHICA,63,6084.07,77.1739970118687,86.59844479106913
162405,YPF S.A.,LA AMARGA CHICA,63,4527.58,83.41520194010928,89.40758639273078
162406,YPF S.A.,LA AMARGA CHICA,63,6618.64,70.2500815877582,95.027679402415
162407,YPF S.A.,RINCON DEL MANGRULLO,63,36.59,100.0,97.54031156053567
162408,YPF S.A.,RINCON DEL MANGRULLO,63,14.77,69.87136086662153,100.0
162430,PAN AMERICAN ENERGY SL,LINDERO ATRAVESADO OCCIDENTAL,63,4328.078,72.06069299120766,87.25932388464348
162431,PAN AMERICAN ENERGY SL,LINDERO ATRAVESADO OCCIDENTAL,63,3689.938,47.73340365068465,87.63745894917476
162439,PLUSPETROL S.A.,LA CALERA,62,671.88,55.64624635351551,99.69414181103768
162440,PLUSPETROL S.A.,LA CALERA,62,836.01,34.76668939366754,96.35937369170226
162441,PLUSPETROL S.A.,LA CALERA,62,818.93,67.63728279584336,83.74183385637356
162450,PAMPA ENERGIA S.A.,SIERRA CHATA,62,0.005,100.0,100.0
162480,YPF S.A.,BANDURRIA SUR,62,7611.59,56.40069945963984,89.37646405021815
162481,YPF S.A.,BANDURRIA SUR,62,5411.76,56.26265761970228,83.27789850252043
162482,YPF S.A.,BANDURRIA SUR,62,6145.01,56.95059894125478,91.50237347050695
162483,YPF S.A.,BANDURRIA SUR,62,7100.0,52.5356338028169,96.47760563380282
162484,YPF S.A.,BANDURRIA SUR,62,5663.02,64.54612556551098,90.72985792033225
162485,YPF S.A.,BANDURRIA SUR,62,6257.74,66.80574776197157,98.01813434243033
162486,YPF S.A.,BANDURRIA SUR,62,6679.52,95.3402340287925,98.28236160682205
162487,YPF S.A.,BANDURRIA SUR,62,7038.02,81.78152378083608,96.3297916175288
162489,YPF S.A.,LA RIBERA BLOQUE I,62,622.82,68.16255097781061,78.63588195626346
162490,YPF S.A.,LA RIBERA BLOQUE I,62,529.48,51.35038150638363,63.30550729017149
162491,YPF S.A.,LA RIBERA BLOQUE I,62,409.91,61.77453587372839,60.78407455295065
162553,YPF S.A.,LA AMARGA CHICA,61,9828.19,65.02886085840831,99.52900788446296
162554,YPF S.A.,LA AMARGA CHICA,61,5544.06,60.190365905130896,95.47479644881189
162555,YPF S.A.,LA AMARGA CHICA,61,4886.49,76.85659849912719,95.55734279615838
162556,YPF S.A.,LA AMARGA CHICA,61,3444.77,80.70930715258203,97.7687915303489
162557,YPF S.A.,LA AMARGA CHICA,61,5363.0,71.73857915345889,95.94070482938653
162558,YPF S.A.,LA AMARGA CHICA,61,3057.37,60.557930508901435,99.53522144849985
162559,YPF S.A.,LA AMARGA CHICA,61,6573.15,54.71957889292044,81.25099837977226
162560,YPF S.A.,LA AMARGA CHICA,61,5149.79,72.65810838888575,99.57512830620277
162561,YPF S.A.,LA AMARGA CHICA,61,4324.99,56.07573659129847,86.49014217373913
162562,YPF S.A.,LOMA CAMPANA-LLL,61,6380.46,60.751732633697266,100.0
162563,YPF S.A.,LOMA CAMPANA-LLL,61,4345.53,65.25487109742656,100.0
162564,YPF S.A.,LOMA CAMPANA-LLL,61,5619.99,65.37965370045143,74.32700058185158
162565,YPF S.A.,LOMA CAMPANA-LLL,61,5525.88,71.29977487748558,85.48303618609164
162566,YPF S.A.,LOMA CAMPANA-LLL,61,4680.88,69.20130402830237,92.56101416827605
162567,YPF S.A.,LOMA CAMPANA-LLL,61,4667.04,68.90920154959032,100.0
162568,YPF S.A.,LOMA CAMPANA-LLL,61,8525.44,54.75388953532018,87.25051141055476
162569,YPF S.A.,LOMA CAMPANA-LLL,61,6593.36,67.59269932174188,92.8697962798937
162570,YPF S.A.,LOMA CAMPANA-LLL,61,4783.17,61.70405818735274,95.7141393678251
162571,YPF S.A.,RINCON DEL MANGRULLO,61,127.4,85.01569858712716,100.0
162572,YPF S.A.,RINCON DEL MANGRULLO,61,112.99,93.55695194264979,100.0
162590,VISTA OIL & GAS ARGENTINA SAU,BAJADA DEL PALO OESTE,61,10187.22,72.62320829431386,90.4048111260972
162591,VISTA OIL & GAS ARGENTINA SAU,BAJADA DEL PALO OESTE,61,8661.293,69.83845252666086,93.25779649758991
162592,VISTA OIL & GAS ARGENTINA SAU,BAJADA DEL PALO OESTE,61,10772.001,73.1329954388233,84.71929217236426
162593,VISTA OIL & GAS ARGENTINA SAU,BAJADA DEL PALO OESTE,61,10502.19,65.64512734962898,91.13896244497577
162594,TECPETROL S.A.,FORTIN DE PIEDRA,61,560.2533,63.76935218409244,100.0
162595,TECPETROL S.A.,FORTIN DE PIEDRA,61,1679.119,63.18483681025586,89.26931325296182
162596,TECPETROL S.A.,FORTIN DE PIEDRA,61,2093.758,48.90278628189121,88.5113943445231
162597,TECPETROL S.A.,FORTIN DE PIEDRA,61,884.8927,33.295347560218325,96.38947524372165
162627,TECPETROL S.A.,FORTIN DE PIEDRA,60,2336.843,69.07392580502841,100.0
162628,TECPETROL S.A.,FORTIN DE PIEDRA,60,2330.117,56.41532163406387,77.58135750264901
162636,YPF S.A.,LA AMARGA CHICA,60,4263.56,74.55530120368894,98.85705842066255
162637,YPF S.A.,LA AMARGA CHICA,60,8356.01,77.76546461768237,95.31080025035872
162638,YPF S.A.,LA AMARGA CHICA,60,5475.62,81.80133026031756,99.18182781127982
162639,YPF S.A.,LA AMARGA CHICA,60,2802.18,49.211685187960796,98.98864455531051
162640,YPF S.A.,BANDURRIA SUR,60,4282.3,76.5425122013871,96.17308455736404
162641,YPF S.A.,BANDURRIA SUR,60,6494.6,53.99562713639023,95.887506543898
162642,YPF S.A.,BANDURRIA SUR,60,4907.15,69.92429414222104,96.35348420162416
162643,YPF S.A.,BANDURRIA SUR,60,5522.34,91.042203124038,92.83763766808998
162644,YPF S.A.,LOMA CAMPANA-LLL,60,4966.97,63.0189028723749,96.65812356426554
162645,YPF S.A.,LOMA CAMPANA-LLL,60,6190.55,58.0701230100718,94.03817108334478
162646,YPF S.A.,LOMA CAMPANA-LLL,60,3739.18,73.19973898020422,88.59241865863639
162647,YPF S.A.,LOMA CAMPANA-LLL,60,9412.61,82.63967167448773,93.47811074717852
162648,YPF S.A.,LOMA CAMPANA-LLL,60,6239.45,64.43612818437524,94.52355576212646
162649,YPF S.A.,LOMA CAMPANA-LLL,60,5001.01,74.81088820058348,98.47470810896199
162650,YPF S.A.,LOMA CAMPANA-LLL,60,5600.63,65.73367638997756,96.42486648823436
162651,YPF S.A.,RINCON DEL MANGRULLO,60,113.9,97.13784021071115,99.63125548726953
162652,YPF S.A.,RINCON DEL MANGRULLO,60,103.37,43.087936538647575,99.61304053400406
162653,YPF S.A.,RINCON DEL MANGRULLO,60,103.04,65.32414596273293,99.37888198757764
162679,SHELL ARGENTINA S.A.,CRUZ DE LORENA,63,6016.54,66.36920888085179,84.75967915114002
162680,SHELL ARGENTINA S.A.,CRUZ DE LORENA,63,5755.79,74.31664463088472,86.74204583558469
162681,SHELL ARGENTINA S.A.,CRUZ DE LORENA,63,5403.58,61.80439634464558,85.12282597833288
162682,SHELL ARGENTINA S.A.,CRUZ DE LORENA,63,5403.58,45.4293264835535,85.31732666121349
162705,YPF S.A.,AGUADA DE LA ARENA,59,0.49,100.0,100.0
162706,YPF S.A.,AGUADA DE LA ARENA,59,1.29,100.0,100.0
162707,YPF S.A.,AGUADA DE LA ARENA,59,11.28,100.0,100.0
162708,YPF S.A.,AGUADA DE LA ARENA,59,7.99,100.0,100.0
162711,YPF S.A.,LA AMARGA CHICA,59,5714.9,98.18771982011934,78.69726504400776
162712,YPF S.A.,LA AMARGA CHICA,59,5415.64,89.19702934463886,73.69581434511896
162713,YPF S.A.,LA AMARGA CHICA,59,8590.59,91.65528793714984,92.46012206379307
162714,YPF S.A.,LA AMARGA CHICA,59,5868.04,91.89115956946442,86.89715816524767
162722,PAN AMERICAN ENERGY SL,COIRON AMARGO SUR ESTE,59,4345.593,75.0069553223231,93.87037166158912
162723,PAN AMERICAN ENERGY SL,LINDERO ATRAVESADO OCCIDENTAL,59,2256.948,77.48264913502659,83.98823544007217
162725,PAN AMERICAN ENERGY SL,COIRON AMARGO SUR ESTE,59,5109.63,53.036110246730196,89.887897949558
162727,PAN AMERICAN ENERGY SL,COIRON AMARGO SUR ESTE,59,5873.29,64.54200286381227,99.75055769423952
162730,PAN AMERICAN ENERGY SL,LINDERO ATRAVESADO OCCIDENTAL,59,3733.496,66.83341832962992,84.49411489927938
162735,TECPETROL S.A.,PUESTO PARADA,59,2889.759,60.89026801196917,83.34262476559464
162742,VISTA OIL & GAS ARGENTINA SAU,BAJADA DEL PALO OESTE,58,10067.305,70.38593744800619,90.60753597909272
162743,VISTA OIL & GAS ARGENTINA SAU,BAJADA DEL PALO OESTE,58,8475.163,75.84875948698568,97.41166040110379
162744,VISTA OIL & GAS ARGENTINA SAU,BAJADA DEL PALO OESTE,58,10508.343,79.05791617194072,95.1685436990399
162745,VISTA OIL & GAS ARGENTINA SAU,BAJADA DEL PALO OESTE,58,9551.744,63.86179319713761,88.71931659809978
162748,SHELL ARGENTINA S.A.,CRUZ DE LORENA,61,6233.04,46.51518360222299,82.25424511955643
162749,SHELL ARGENTINA S.A.,CRUZ DE LORENA,61,4834.67,65.97678848814914,89.63507333489153
162750,SHELL ARGENTINA S.A.,CRUZ DE LORENA,61,3409.88,54.866740178540006,73.55478785177192
162777,YPF S.A.,EL OREJANO,58,43.32,100.0,100.0
162778,YPF S.A.,EL OREJANO,58,25.9,100.0,100.0
162779,YPF S.A.,EL OREJANO,58,1.13,100.0,100.0
162780,YPF S.A.,EL OREJANO,58,113.62,95.9866220735786,100.0
162781,YPF S.A.,EL OREJANO,58,89.56,100.0,100.0
162782,YPF S.A.,EL OREJANO,58,406.61,96.5495191952977,100.0
162787,YPF S.A.,LA AMARGA CHICA,58,4411.39,62.800840551390834,100.0
162788,YPF S.A.,LA AMARGA CHICA,58,6136.09,72.55499837844621,100.0
162789,YPF S.A.,LA AMARGA CHICA,58,2998.46,46.86172235080676,79.6255411111037
162790,YPF S.A.,LA AMARGA CHICA,58,5723.89,87.08867570830327,93.99778821745352
162791,YPF S.A.,LOMA CAMPANA-LLL,58,4642.04,98.80462038241808,91.47616134285788
162792,YPF S.A.,LOMA CAMPANA-LLL,58,4604.8,78.97758860319666,89.40431723419042
162793,YPF S.A.,LOMA CAMPANA-LLL,58,2171.86,64.36004162330906,93.78643190629231
162794,YPF S.A.,LOMA CAMPANA-LLL,58,4147.54,76.69510119251412,96.67296759042709
162795,YPF S.A.,LOMA CAMPANA-LLL,58,4572.57,72.36324430243823,91.06432487638243
162796,YPF S.A.,LOMA CAMPANA-LLL,58,8047.18,70.91055500187645,96.20885825842096
162797,YPF S.A.,RINCON DEL MANGRULLO,58,31.06,54.08886027044431,100.0
162798,YPF S.A.,RINCON DEL MANGRULLO,58,27.97,87.62960314622809,100.0
162799,YPF S.A.,RINCON DEL MANGRULLO,58,34.39,69.61325966850829,100.0
162809,SHELL ARGENTINA S.A.,CRUZ DE LORENA,61,5415.71,56.60144283944303,83.36635455000359
162810,SHELL ARGENTINA S.A.,CRUZ DE LORENA,61,4513.79,54.90042735705472,80.95126268612407
162811,SHELL ARGENTINA S.A.,CRUZ DE LORENA,61,5141.86,52.6400952184618,77.2973204249046
162812,PAN AMERICAN ENERGY SL,LINDERO ATRAVESADO OCCIDENTAL,58,4625.294,84.5829475920882,88.03555406423894
162815,PAN AMERICAN ENERGY SL,LINDERO ATRAVESADO OCCIDENTAL,58,5456.273,54.7038427146149,87.92435605769727
162822,PAN AMERICAN ENERGY SL,LINDERO ATRAVESADO OCCIDENTAL,58,5102.249,70.25104027655256,85.0447831926666
162823,PAN AMERICAN ENERGY SL,LINDERO ATRAVESADO OCCIDENTAL,58,5263.482,69.17426524874598,87.04031475741724
162843,SHELL ARGENTINA S.A.,COIRON AMARGO SUR OESTE,57,5722.82,49.87680898577973,81.36076270090619
162844,SHELL ARGENTINA S.A.,COIRON AMARGO SUR OESTE,57,5631.65,66.883772961743,82.8863654523985
162845,SHELL ARGENTINA S.A.,COIRON AMARGO SUR OESTE,57,6373.02,68.01688995170265,83.98639891291727
162846,SHELL ARGENTINA S.A.,COIRON AMARGO SUR OESTE,57,6166.06,66.12488363720107,86.55786677392045
162877,YPF S.A.,LOMA COLORADA,57,7889.31,99.66549672911826,88.69825117785966
162878,YPF S.A.,LOMA COLORADA,57,7648.02,100.0,86.53442328864203
162879,YPF S.A.,BANDURRIA SUR,57,5767.84,72.57430857998834,85.36887292296596
162880,YPF S.A.,BANDURRIA SUR,57,3424.76,60.77914948784733,75.55303145329893
162881,YPF S.A.,BANDURRIA SUR,57,5705.84,70.93311414270292,83.87441638742061
162882,YPF S.A.,BANDURRIA SUR,57,3430.25,55.82887544639603,76.09736899642883
162883,YPF S.A.,BANDURRIA SUR,57,4769.89,36.7216015463669,93.3239550597603
162884,YPF S.A.,BANDURRIA SUR,57,4684.56,53.6372679611319,92.96817630684632
162885,YPF S.A.,BANDURRIA SUR,57,5770.76,56.20403551698563,86.5038573775378
162886,YPF S.A.,BANDURRIA SUR,57,6539.1,76.42229052927773,78.06900032114513
162887,YPF S.A.,BANDURRIA SUR,57,6096.8,77.94400341162577,85.25898832174256
162888,YPF S.A.,BANDURRIA SUR,57,6337.58,81.81703426228938,73.87346589707744
162889,YPF S.A.,LOMA CAMPANA-LLL,57,5959.73,76.76304127871565,88.48622336917947
162890,YPF S.A.,LOMA CAMPANA-LLL,57,8498.0,71.44375147093433,99.833490232996
162891,YPF S.A.,LOMA CAMPANA-LLL,57,5932.63,57.63126977411368,93.14047901183791
162894,YPF S.A.,LOMA CAMPANA,57,3778.04,62.62929984859874,94.68772167578956
162895,YPF S.A.,LOMA CAMPANA,57,5701.28,72.9594056071619,94.55946734768332
162896,YPF S.A.,LOMA CAMPANA,57,6747.34,68.06000586897949,88.28027044731702
162921,KILWER S.A.,CORRALERA NORESTE,57,199.484,100.0,100.0
162933,TECPETROL S.A.,FORTIN DE PIEDRA,56,665.9669,93.11099395480467,98.82000186495755
162934,TECPETROL S.A.,FORTIN DE PIEDRA,56,604.1279,100.0,98.7836903410685
162939,YPF S.A.,LA AMARGA CHICA,56,3616.94,68.7509331092028,88.97106393802497
162940,YPF S.A.,LA AMARGA CHICA,56,7455.66,81.44979787168405,88.36052073190032
162941,YPF S.A.,LA AMARGA CHICA,56,6186.04,86.22220354216914,93.59606468758689
162942,YPF S.A.,LA AMARGA CHICA,56,7907.64,82.1341133384929,92.56048580866099
162943,YPF S.A.,LOMA CAMPANA-LLL,56,10757.72,59.92635986063961,100.0
162944,YPF S.A.,LOMA CAMPANA-LLL,56,9994.56,76.6149785483303,99.96978356225786
162945,YPF S.A.,LOMA CAMPANA-LLL,56,4564.46,52.076477830893474,84.27459107977724
162946,YPF S.A.,LOMA CAMPANA-LLL,56,9451.52,67.16401171451788,100.0
162954,VISTA OIL & GAS ARGENTINA SAU,BAJADA DEL PALO ESTE,56,8772.982,53.750879689483,90.49140873650488
162955,VISTA OIL & GAS ARGENTINA SAU,BAJADA DEL PALO ESTE,56,9285.483,51.80529650423139,87.57873984584323
162963,KILWER S.A.,CORRALERA SUR,56,92.74,100.0,100.0
162974,PAN AMERICAN ENERGY SL,AGUADA CÁNEPA,56,4781.374,42.459887053386744,78.12279482843216
162975,PAN AMERICAN ENERGY SL,AGUADA CÁNEPA,56,7009.414,57.0212288787622,83.62610626223534
162992,TECPETROL S.A.,FORTIN DE PIEDRA,56,482.0258,82.80813392146229,95.66060156945956
163001,YPF S.A.,LA AMARGA CHICA,55,5028.22,68.02665754481706,87.50870089216463
163002,YPF S.A.,LOMA CAMPANA-LLL,56,9539.44,67.3434708955662,96.70955527787794
163003,YPF S.A.,LOMA CAMPANA-LLL,55,5752.45,64.90121600361584,88.57304279046319
163004,YPF S.A.,LOMA CAMPANA-LLL,55,7044.74,76.11991358091285,90.40503978855145
163005,YPF S.A.,LOMA CAMPANA-LLL,55,4116.92,100.0,92.49390320919522
163006,YPF S.A.,RINCON DEL MANGRULLO,56,120.8,54.43708609271523,99.02317880794702
163007,YPF S.A.,RINCON DEL MANGRULLO,56,153.43,75.42853418497035,99.71322427165482
163008,YPF S.A.,RINCON DEL MANGRULLO,56,195.13,96.0180392558807,99.63101522062216
163009,YPF S.A.,RINCON DEL MANGRULLO,56,137.77,98.18538143282282,99.3394788415475
163014,SHELL ARGENTINA S.A.,CRUZ DE LORENA,54,2471.5,82.8258142828242,86.15496661946187
163015,SHELL ARGENTINA S.A.,CRUZ DE LORENA,54,5168.28,56.61941690465686,92.6339130232882
163016,SHELL ARGENTINA S.A.,CRUZ DE LORENA,54,5993.47,43.90878739695035,89.21643054858038
163017,SHELL ARGENTINA S.A.,CRUZ DE LORENA,54,5545.7,50.24577600663578,91.30118830805849
163018,SHELL ARGENTINA S.A.,COIRON AMARGO SUR OESTE,54,5364.33,65.64323969629012,90.09568762548166
163019,SHELL ARGENTINA S.A.,COIRON AMARGO SUR OESTE,54,5479.89,69.9747622671258,92.3724746299652
163020,SHELL ARGENTINA S.A.,COIRON AMARGO SUR OESTE,54,4873.17,76.17033676231283,83.99583843781357
163021,SHELL ARGENTINA S.A.,COIRON AMARGO SUR OESTE,54,4658.88,71.8106068411292,82.97960024726973
163051,TECPETROL S.A.,FORTIN DE PIEDRA,54,424.4675,78.50125392403423,98.35642069180797
163052,TECPETROL S.A.,FORTIN DE PIEDRA,54,391.5799,39.74849066563427,97.60754471820438
163053,TECPETROL S.A.,FORTIN DE PIEDRA,54,439.5336,66.30642117007663,100.0
163065,YPF S.A.,LA AMARGA CHICA,54,6420.92,70.27341876242033,89.76626402447
163066,YPF S.A.,LA AMARGA CHICA,54,4043.98,41.95594439141638,92.67676892566234
163067,YPF S.A.,LA AMARGA CHICA,54,7110.1,70.53656066721987,83.88531806866288
163068,YPF S.A.,LA AMARGA CHICA,54,5096.34,92.0378153733856,99.97508015556262
163069,YPF S.A.,LA AMARGA CHICA,54,3532.43,90.52295445344988,92.566023955181
163070,YPF S.A.,LA AMARGA CHICA,54,3329.33,76.1438487623636,86.50779586283126
163071,YPF S.A.,LA AMARGA CHICA,54,5059.99,63.29637015092915,87.65056847938435
163072,YPF S.A.,LA AMARGA CHICA,54,5055.09,42.86867296131226,81.7991371073512
163073,YPF S.A.,LA AMARGA CHICA,54,5631.16,66.59959937206543,78.92636685869341
163074,YPF S.A.,LOMA CAMPANA-LLL,54,3484.15,48.340915287803334,84.74692536199647
163087,PAN AMERICAN ENERGY SL,LINDERO ATRAVESADO OCCIDENTAL,54,5369.363,55.38264036162204,92.36415753600566
163094,PAN AMERICAN ENERGY SL,LINDERO ATRAVESADO OCCIDENTAL,54,4576.1,73.8255064356111,94.12038416992635
163101,PAN AMERICAN ENERGY SL,LINDERO ATRAVESADO OCCIDENTAL,54,4508.033,74.30378171588363,90.77102363713841
163103,SHELL ARGENTINA S.A.,SIERRAS BLANCAS,54,4563.35,73.35619665377409,90.84729420272387
163104,SHELL ARGENTINA S.A.,SIERRAS BLANCAS,54,4842.24,70.1640150013217,86.17292823156225
163105,SHELL ARGENTINA S.A.,SIERRAS BLANCAS,54,4649.19,80.00899081345352,93.39304265904383
163106,SHELL ARGENTINA S.A.,SIERRAS BLANCAS,54,4772.13,82.25257903703378,87.28513263469353
163122,TECPETROL S.A.,PUESTO VERA,55,97.14833,69.99465662456575,100.0
163134,PLUSPETROL S.A.,LA CALERA,53,1659.07,74.06070871030155,82.53630045748521
163135,PLUSPETROL S.A.,LA CALERA,53,2742.953,79.66793452166333,81.72753962608911
163136,PLUSPETROL S.A.,LA CALERA,53,1773.67,73.54750319958053,75.06509102595184
163138,VISTA OIL & GAS ARGENTINA SAU,BAJADA DEL PALO OESTE,53,8211.849,73.86329536746231,99.9985143418979
163139,VISTA OIL & GAS ARGENTINA SAU,BAJADA DEL PALO OESTE,53,4879.068,63.149704000846064,88.56359452256046
163140,VISTA OIL & GAS ARGENTINA SAU,BAJADA DEL PALO OESTE,53,6177.197,58.03533544421524,86.2362654129373
163141,VISTA OIL & GAS ARGENTINA SAU,BAJADA DEL PALO OESTE,53,5999.347,67.10880367479994,91.09083038537361
163150,TECPETROL S.A.,FORTIN DE PIEDRA,54,1591.087,67.37403422942931,59.14244161381495
163151,TECPETROL S.A.,FORTIN DE PIEDRA,54,1551.159,71.06333393288502,81.84982970797965
163152,TECPETROL S.A.,FORTIN DE PIEDRA,54,1551.504,67.68828826738442,86.63589007827244
163153,TECPETROL S.A.,FORTIN DE PIEDRA,54,1493.825,74.20531186718658,85.22457449835154
163154,TECPETROL S.A.,FORTIN DE PIEDRA,54,1755.43,75.72689312590077,85.45641808559726
163155,TECPETROL S.A.,FORTIN DE PIEDRA,54,1525.188,73.50942965719636,100.0
163161,YPF S.A.,LA AMARGA CHICA,53,8589.04,66.34478358466139,89.79839423264998
163162,YPF S.A.,LA AMARGA CHICA,53,7408.55,82.44595771102308,94.69261866357115
163163,YPF S.A.,BANDURRIA SUR,53,3984.25,94.71820292401331,86.91422475999246
163164,YPF S.A.,BANDURRIA SUR,53,3188.54,37.485181305550505,86.04471011811047
163165,YPF S.A.,BANDURRIA SUR,53,3811.59,39.40350352477575,90.42079552102929
163166,YPF S.A.,BANDURRIA SUR,53,2961.56,96.88610056861924,94.5305852321074
163167,YPF S.A.,BANDURRIA SUR,53,4597.55,74.48858631227502,78.07440919620232
163168,YPF S.A.,RINCON DEL MANGRULLO,53,3.11,100.0,100.0
163170,YPF S.A.,RINCON DEL MANGRULLO,53,21.53,81.6999535531816,99.48908499767765
163216,PLUSPETROL S.A.,LA CALERA,52,3102.71,100.0,74.08281792368608
163228,YPF S.A.,LA AMARGA CHICA,52,5307.28,73.78299241796174,89.24477321716586
163229,YPF S.A.,LA AMARGA CHICA,52,7296.5,38.260672925375175,89.28417734530254
163230,YPF S.A.,LA AMARGA CHICA,52,3894.31,86.6502666711176,86.12591190737255
163231,YPF S.A.,LA AMARGA CHICA,52,6105.09,73.20580040589081,89.90252395951575
163234,YPF S.A.,LOMA CAMPANA,52,7515.83,55.485022944904294,93.69277910756364
163235,YPF S.A.,LOMA CAMPANA,52,7008.53,68.48754303684224,85.90374871763409
163236,YPF S.A.,LOMA CAMPANA,52,7240.86,70.57849481967612,83.31897039854383
163237,YPF S.A.,LOMA CAMPANA,52,4890.45,57.65624840249875,86.18675173041336
163238,YPF S.A.,LOMA CAMPANA,52,6537.21,68.52541068743395,90.02219601328395
163246,VISTA ENERGY ARGENTINA SAU,AGUADA FEDERAL,52,11436.358,63.752098316614436,84.13901523544472
163247,VISTA ENERGY ARGENTINA SAU,AGUADA FEDERAL,52,3998.111,52.46746783668588,91.16487761345296
163249,VISTA ENERGY ARGENTINA SAU,BAJADA DEL PALO OESTE,52,8533.709,55.96952137693001,81.2088624067214
163250,VISTA ENERGY ARGENTINA SAU,BAJADA DEL PALO OESTE,52,9563.283,63.886137616130355,88.60165489194453
163251,VISTA ENERGY ARGENTINA SAU,BAJADA DEL PALO OESTE,52,14085.591,98.12109410247677,89.92573332563752
163257,PAN AMERICAN ENERGY SL,LINDERO ATRAVESADO OCCIDENTAL,52,4028.953,62.4357246162961,80.06178031860884
163293,TECPETROL S.A.,FORTIN DE PIEDRA,51,437.7963,74.89220443388854,98.44358894764528
163294,TECPETROL S.A.,FORTIN DE PIEDRA,51,596.6661,83.27941372905214,95.36671850470472
163295,TECPETROL S.A.,FORTIN DE PIEDRA,51,448.6578,51.5502015121547,98.25777886843827
163298,SHELL ARGENTINA S.A.,SIERRAS BLANCAS,50,3777.39,17.320160216445746,20.835550472680875
163299,SHELL ARGENTINA S.A.,SIERRAS BLANCAS,50,11677.25,85.21544027917531,100.0
163300,SHELL ARGENTINA S.A.,SIERRAS BLANCAS,50,14176.4,89.32944894331423,100.0
163301,SHELL ARGENTINA S.A.,SIERRAS BLANCAS,50,14430.08,88.57130383199538,100.0
163302,SHELL ARGENTINA S.A.,COIRON AMARGO SUR OESTE,50,4647.2,84.79944913065933,84.86443449819245
163303,SHELL ARGENTINA S.A.,COIRON AMARGO SUR OESTE,50,5075.32,83.53561942892271,86.09959569051804
163304,SHELL ARGENTINA S.A.,COIRON AMARGO SUR OESTE,50,4515.62,91.142301610853,84.34057781655675
163321,YPF S.A.,AGUADA DE LA ARENA,51,14.4,100.0,100.0
163324,YPF S.A.,BAJO DEL TORO NORTE,51,3067.9,63.52521268620228,100.0
163326,YPF S.A.,LOMA CAMPANA-LLL,51,8287.79,79.13810557458622,89.95184482232295
163327,YPF S.A.,LOMA CAMPANA-LLL,51,5559.36,86.88194324526563,75.8720428250734
163328,YPF S.A.,LOMA CAMPANA-LLL,51,7144.48,70.911668868833,93.44458938929075
163329,YPF S.A.,LOMA CAMPANA-LLL,51,7873.79,61.984889106770694,89.71981726716105
163330,YPF S.A.,LOMA CAMPANA-LLL,51,8488.91,82.54664026359096,88.3788378013196
163331,YPF S.A.,LOMA CAMPANA,51,7657.54,64.32574952269266,87.97250814230158
163332,YPF S.A.,LOMA CAMPANA,51,6556.47,71.34662402176781,92.46149223591354
163333,YPF S.A.,LOMA CAMPANA,51,7075.86,58.57521205902887,94.25850709313073
163334,YPF S.A.,LOMA CAMPANA,51,5131.7,48.62170430851375,83.9957518950835
163371,TECPETROL S.A.,FORTIN DE PIEDRA,51,1026.114,64.04429722233593,72.62571215284072
163375,PLUSPETROL S.A.,LA CALERA,50,3168.22,56.89952086660648,90.60153650945956
163376,PLUSPETROL S.A.,LA CALERA,50,2449.25,66.83217311421863,87.76221292232316
163377,PLUSPETROL S.A.,LA CALERA,50,2216.73,52.846084096845345,84.87700351418532
163392,VISTA ENERGY ARGENTINA SAU,BAJADA DEL PALO OESTE,52,9051.765,64.69391328652479,97.61837608466415
163393,VISTA ENERGY ARGENTINA SAU,BAJADA DEL PALO OESTE,52,7762.386,57.12013033106058,85.6709522046443
163394,VISTA ENERGY ARGENTINA SAU,BAJADA DEL PALO OESTE,52,8254.987,62.41029816279541,95.52351808670323
163395,VISTA ENERGY ARGENTINA SAU,BAJADA DEL PALO OESTE,52,8272.096,57.99406825065859,97.26515504655652
163399,TECPETROL S.A.,FORTIN DE PIEDRA,50,1293.03,47.23120886599692,70.163762635051
163400,TECPETROL S.A.,FORTIN DE PIEDRA,50,1289.344,78.15832702521593,82.73343653827062
163417,YPF S.A.,BAJO DEL TORO NORTE,50,2150.16,83.83887710681995,100.0
163418,YPF S.A.,BAJO DEL TORO NORTE,50,4180.25,62.78524011721787,84.12654745529574
163419,YPF S.A.,BAJO DEL TORO NORTE,50,2933.24,76.80346647393326,89.2017018723323
163421,YPF S.A.,BANDURRIA SUR,50,8971.36,43.29176401348291,99.62636657095469
163422,YPF S.A.,BANDURRIA SUR,50,6910.51,55.39229376703022,74.98925549633819
163423,YPF S.A.,BANDURRIA SUR,50,5072.07,100.0,74.72156338536338
163424,YPF S.A.,BANDURRIA SUR,50,5295.19,25.803984370721345,94.71237103862184
163425,YPF S.A.,BANDURRIA SUR,50,6738.7,57.53661685488298,88.1787288349385
163438,KILWER S.A.,MATA MORA NORTE,50,6848.668,85.16086631736273,90.6741967927194
163439,KILWER S.A.,MATA MORA NORTE,50,6342.329,90.46082598364103,93.24670322211288
163440,KILWER S.A.,MATA MORA NORTE,50,6378.135,82.55855355836776,93.16426039900378
163491,VISTA ENERGY ARGENTINA SAU,BAJADA DEL PALO OESTE,52,7750.602,59.75623570917459,84.66000447449115
163492,VISTA ENERGY ARGENTINA SAU,BAJADA DEL PALO OESTE,52,6722.388,79.85160927932158,90.26133272878626
163493,VISTA ENERGY ARGENTINA SAU,BAJADA DEL PALO OESTE,52,10119.167,67.10615606996109,86.92079100977382
163494,VISTA ENERGY ARGENTINA SAU,BAJADA DEL PALO OESTE,52,6255.49,84.11612839281975,86.75266046304925
163507,YPF S.A.,BAJO DEL TORO NORTE,49,2139.21,73.36259647252959,77.0775192711328
163508,YPF S.A.,LA AMARGA CHICA,49,5409.17,91.53881279382973,74.13115135963558
163509,YPF S.A.,LA AMARGA CHICA,49,6901.04,92.57039518681242,89.1609090803705
163510,YPF S.A.,LA AMARGA CHICA,49,5003.49,74.9598780051524,98.93414396751068
163511,YPF S.A.,LA AMARGA CHICA,49,7400.66,93.9883740098856,99.46504771196084
163522,EXXONMOBIL EXPLORATION ARGENTINA S.R.L.,BAJO DEL CHOIQUE,49,13872.22,78.660445119815,94.12833706501195
163523,EXXONMOBIL EXPLORATION ARGENTINA S.R.L.,BAJO DEL CHOIQUE,49,5071.44,72.05823198144905,67.30751029293455
163524,EXXONMOBIL EXPLORATION ARGENTINA S.R.L.,BAJO DEL CHOIQUE,49,12656.48,87.73292416216832,93.67628282113193
163525,EXXONMOBIL EXPLORATION ARGENTINA S.R.L.,BAJO DEL CHOIQUE,49,10079.46,70.01059580572769,100.0
163526,EXXONMOBIL EXPLORATION ARGENTINA S.R.L.,BAJO DEL CHOIQUE,49,7801.51,81.59984413273841,87.51946738516006
163527,EXXONMOBIL EXPLORATION ARGENTINA S.R.L.,BAJO DEL CHOIQUE,49,6250.55,100.0,100.0
163530,TECPETROL S.A.,LOS TOLDOS ESTE,49,4428.972,93.58562212630832,91.01603713006088
163531,TECPETROL S.A.,LOS TOLDOS ESTE,49,6483.05,72.64289184874404,74.32918148093876
163532,TECPETROL S.A.,LOS TOLDOS ESTE,49,3754.426,72.04528734885173,83.6908571376823
163534,PAN AMERICAN ENERGY SL,LINDERO ATRAVESADO OCCIDENTAL,49,4011.883,64.11954187098677,84.79756264078489
163540,PAN AMERICAN ENERGY SL,LINDERO ATRAVESADO OCCIDENTAL,49,5496.785,73.82004207914262,83.7657048620239
163550,PLUSPETROL S.A.,LA CALERA,48,3193.64,100.0,76.9424856903095
163551,PLUSPETROL S.A.,LA CALERA,48,2683.91,76.62309839003542,77.37990469128995
163566,PLUSPETROL S.A.,LA CALERA,48,2844.352,61.93811455122291,79.29591696105123
163577,VISTA ENERGY ARGENTINA SAU,AGUADA FEDERAL,52,6268.536,76.87783878085729,94.74526428499414
163578,VISTA ENERGY ARGENTINA SAU,AGUADA FEDERAL,52,2599.503,60.68648507041539,84.15650991747269
163579,VISTA ENERGY ARGENTINA SAU,AGUADA FEDERAL,52,6282.291,73.46795937978676,83.49942719940863
163580,VISTA ENERGY ARGENTINA SAU,AGUADA FEDERAL,52,4532.412,37.174290421965175,75.77960697306423
163586,YPF S.A.,LA AMARGA CHICA,48,7458.57,62.72033379052553,91.87109593393909
163587,YPF S.A.,LA AMARGA CHICA,48,3267.8,73.24713874778138,99.99755186975948
163588,YPF S.A.,LA AMARGA CHICA,48,6357.61,56.45470546321651,90.51121411977142
163589,YPF S.A.,LA AMARGA CHICA,48,3768.9,77.41409960465919,100.0
163590,YPF S.A.,LA AMARGA CHICA,48,6480.71,63.73144300547317,92.11969058945701
163591,YPF S.A.,LA AMARGA CHICA,48,3739.68,67.914099602105,100.0
163593,YPF S.A.,LA ANGOSTURA SUR I,48,3714.54,60.65542435940924,78.56450596843754
163595,YPF S.A.,LOMA CAMPANA,48,6804.9,66.9245690605299,89.38074034886625
163596,YPF S.A.,LOMA CAMPANA,48,7955.73,79.54178937696477,91.61861953585655
163597,YPF S.A.,LOMA CAMPANA,48,6923.1,70.41354306596756,91.86404934205775
163598,YPF S.A.,LOMA CAMPANA-LLL,48,5549.85,69.26439453318558,99.0621368145085
163599,YPF S.A.,LOMA CAMPANA,48,8458.1,57.55169600737755,84.67268062567244
163600,YPF S.A.,LOMA CAMPANA,48,5464.61,66.46695738579697,91.22444236642689
163601,YPF S.A.,LOMA CAMPANA,48,8360.08,46.80589180964776,90.6008076477737
163602,YPF S.A.,LOMA CAMPANA,48,5584.59,72.34926825424964,90.45211913497678
163603,YPF S.A.,LOMA CAMPANA,48,6116.58,60.47039358595816,91.99176664083524
163604,YPF S.A.,LOMA CAMPANA,48,5970.78,64.44333906122817,90.47662114497604
163605,YPF S.A.,LOMA CAMPANA,48,7701.18,63.82385556499135,84.26474903845904
163625,KILWER S.A.,MATA MORA NORTE,48,3466.316,70.0888493720711,77.01605104670205
163626,KILWER S.A.,MATA MORA NORTE,48,6463.28,56.65662016808803,50.8284338602072
163627,KILWER S.A.,MATA MORA NORTE,48,3370.705,56.59276026825248,73.54696421075116
163629,EXXONMOBIL EXPLORATION ARGENTINA S.R.L.,BAJO DEL CHOIQUE,48,9148.95,83.4355855043475,83.4355855043475
163633,EXXONMOBIL EXPLORATION ARGENTINA S.R.L.,BAJO DEL CHOIQUE,48,12191.66,19.48110429588752,64.64271477387
163677,TECPETROL S.A.,FORTIN DE PIEDRA,47,1572.87,72.12872011037148,80.93190155575476
163678,TECPETROL S.A.,FORTIN DE PIEDRA,47,1795.057,71.95270679426893,93.71943620731821
163679,TECPETROL S.A.,FORTIN DE PIEDRA,47,1604.99,52.273528183976225,92.14467379859065
163685,YPF S.A.,BANDURRIA SUR,47,6260.3,68.72354360014697,90.14472149896969
163686,YPF S.A.,BANDURRIA SUR,47,5023.39,47.09110779772225,87.71427263262458
163687,YPF S.A.,BANDURRIA SUR,47,6099.08,59.01578598739482,92.58970205342445
163688,YPF S.A.,BANDURRIA SUR,47,4969.29,59.06759315717135,90.91882341340514
163689,YPF S.A.,BANDURRIA SUR,47,1946.8,45.48027532360797,86.81682761454694
163690,YPF S.A.,BANDURRIA SUR,47,4697.13,56.12448452565716,97.53083265738867
163691,YPF S.A.,LOMA CAMPANA-LLL,47,9858.37,72.68676261897251,87.57319922056081
163692,YPF S.A.,LOMA CAMPANA-LLL,47,3224.41,59.198426999047896,77.92278277266227
163693,YPF S.A.,LOMA CAMPANA-LLL,47,9433.19,43.340481851844395,93.07349899662786
163694,YPF S.A.,LOMA CAMPANA-LLL,47,10489.26,62.618621332677414,88.62016958298298
163695,YPF S.A.,LA ANGOSTURA SUR I,47,4847.17,39.98168003185364,45.825914915301105
163705,PAN AMERICAN ENERGY SL,LINDERO ATRAVESADO OCCIDENTAL,47,4838.034,78.63993928112122,85.91932384104783
163707,PAN AMERICAN ENERGY SL,LINDERO ATRAVESADO OCCIDENTAL,47,2684.504,57.00047383054747,75.63340192452684
163719,PAN AMERICAN ENERGY SL,LINDERO ATRAVESADO OCCIDENTAL,47,2954.536,77.40535908176444,82.01560583455405
163726,PLUSPETROL S.A.,LA CALERA,46,4114.933,74.82447466337848,85.38044240331494
163727,PLUSPETROL S.A.,LA CALERA,46,3282.056,58.11372505527024,78.89268190426976
163728,PLUSPETROL S.A.,LA CALERA,46,4361.989,73.03661242612027,84.90099356050645
163739,TECPETROL S.A.,FORTIN DE PIEDRA,46,1776.899,75.17277008991506,84.20241668209616
163740,TECPETROL S.A.,FORTIN DE PIEDRA,46,2411.091,78.97925461958923,89.95444800714696
163741,TECPETROL S.A.,FORTIN DE PIEDRA,46,1598.151,58.589820361154864,86.21609597591217
163742,TECPETROL S.A.,FORTIN DE PIEDRA,46,1569.054,69.5229545955716,100.0
163744,TECPETROL S.A.,PUESTO PARADA NC,46,4175.743,58.638833855436026,89.39221355337243
163756,YPF S.A.,LA AMARGA CHICA,46,6204.86,65.24853099022378,95.58765225968031
163757,YPF S.A.,LA AMARGA CHICA,46,5375.28,29.472139125775765,100.0
163758,YPF S.A.,LA AMARGA CHICA,46,5926.87,66.8089564981179,91.67621358322351
163759,YPF S.A.,LA AMARGA CHICA,46,3538.13,60.17274662038987,98.48337963839656
163760,YPF S.A.,LA AMARGA CHICA,46,6236.66,62.891515651005506,99.37546699675788
163761,YPF S.A.,LA AMARGA CHICA,46,4008.06,62.218379964371785,80.42693971647131
163762,YPF S.A.,BANDURRIA SUR,46,6952.35,53.71665695771933,77.39181715535035
163778,PAN AMERICAN ENERGY SL,LINDERO ATRAVESADO OCCIDENTAL,46,5486.362,80.78712268712856,86.09136072318961
163780,PAN AMERICAN ENERGY SL,LINDERO ATRAVESADO OCCIDENTAL,46,7378.808,75.30796302058545,86.08661453177804
163793,KILWER S.A.,MATA MORA NORTE,46,6219.554,99.26180944807297,85.44875565032477
163794,KILWER S.A.,MATA MORA NORTE,46,4243.587,100.0,93.63032500570861
163795,KILWER S.A.,MATA MORA NORTE,46,3996.629,84.68464798709113,84.61963569798448
163796,TOTAL AUSTRAL S.A.,AGUADA PICHANA ESTE VACA MUERTA,46,229.2289,64.4964880082747,87.58506017347726
163797,TOTAL AUSTRAL S.A.,AGUADA PICHANA ESTE VACA MUERTA,46,238.5026,42.47052233392843,56.054902546135764
163810,VISTA ENERGY ARGENTINA SAU,BAJADA DEL PALO OESTE,52,9414.195,71.47423651199067,83.75471296271215
163811,PLUSPETROL S.A.,LOMA JARILLOSA ESTE,45,6362.89,100.0,94.14967098283957
163812,PLUSPETROL S.A.,LOMA JARILLOSA ESTE,45,4901.2,98.95392964988167,100.0
163813,PLUSPETROL S.A.,LOMA JARILLOSA ESTE,45,3924.57,56.160292719966776,88.25170655638706
163830,YPF S.A.,LOMA COLORADA,45,6797.18,74.61432535257269,91.47999611603636
163831,YPF S.A.,LOMA COLORADA,45,9370.94,83.70526329268996,96.26238136195515
163832,YPF S.A.,LOMA COLORADA,45,8353.84,91.0326269116957,96.15350545377935
163833,YPF S.A.,LOMA COLORADA,45,6664.31,67.10417132456324,89.60147412110182
163834,YPF S.A.,LA AMARGA CHICA,45,6328.4,68.12891094115416,86.9257632260919
163835,YPF S.A.,LA AMARGA CHICA,45,6807.87,55.87048518846569,89.17649720103351
163836,YPF S.A.,LA AMARGA CHICA,45,7782.12,78.65607315230298,92.32291457854672
163837,YPF S.A.,LA AMARGA CHICA,45,6953.2,71.86374618880515,86.48406489098545
163838,YPF S.A.,LA AMARGA CHICA,45,1974.6,31.879367973260408,58.92079408487795
163839,YPF S.A.,LA AMARGA CHICA,45,1570.68,57.16759620037182,63.969108920976915
163840,YPF S.A.,LA AMARGA CHICA,45,4238.69,68.06041489233702,82.93930436054535
163841,YPF S.A.,LA AMARGA CHICA,45,2001.65,27.533784627682167,74.18379836634776
163842,YPF S.A.,BANDURRIA SUR,45,5043.33,12.005163255230178,99.98255121120371
163843,YPF S.A.,BANDURRIA SUR,45,3489.38,79.62503367360391,100.0
163844,YPF S.A.,BANDURRIA SUR,45,6779.22,92.28082286752753,63.85439622847466
163845,YPF S.A.,BANDURRIA SUR,45,4834.88,90.62003607121582,100.0
163846,YPF S.A.,LOMA CAMPANA-LLL,45,4809.71,63.6111116886465,83.73415445006039
163847,YPF S.A.,LOMA CAMPANA-LLL,45,3808.76,66.01334817630935,86.81696930234513
163848,YPF S.A.,LOMA CAMPANA-LLL,45,4324.15,64.24777123827803,92.46117734121157
163849,YPF S.A.,LOMA CAMPANA-LLL,45,2385.22,49.63860775945196,100.0
163850,YPF S.A.,LOMA CAMPANA-LLL,45,5884.37,53.57192018856733,86.8324051682678
163851,YPF S.A.,LOMA CAMPANA-LLL,45,5982.0,62.129220996322296,89.59745904379805
163852,YPF S.A.,LOMA CAMPANA-LLL,45,5118.4,49.62918099406064,53.4753047827446
163853,YPF S.A.,LOMA CAMPANA-LLL,45,5768.83,55.302721695733794,95.86293927884857
163854,YPF S.A.,LA RIBERA BLOQUE I,45,968.52,45.878247222566394,61.94709453599305
163855,YPF S.A.,LA RIBERA BLOQUE I,45,1615.54,74.86475110489373,80.78661004989044
163856,YPF S.A.,LA RIBERA BLOQUE I,45,1069.44,57.219666367444646,73.01858916816278
163857,YPF S.A.,RINCON DEL MANGRULLO,45,251.82,95.7866730204114,99.55523786831864
163858,YPF S.A.,RINCON DEL MANGRULLO,45,212.73,95.35561509895172,99.0974474686222
163859,YPF S.A.,RINCON DEL MANGRULLO,45,115.82,91.46088758418234,98.49766879640822
163873,VISTA ENERGY ARGENTINA SAU,BAJADA DEL PALO OESTE,52,6122.878,80.07014021837443,90.15908858546585
163874,VISTA ENERGY ARGENTINA SAU,BAJADA DEL PALO OESTE,52,7725.35,72.47184917188218,88.14194826124383
163875,VISTA ENERGY ARGENTINA SAU,BAJADA DEL PALO OESTE,52,9052.27,75.52274733298941,90.06663521967418
163876,VISTA ENERGY ARGENTINA SAU,BAJADA DEL PALO OESTE,52,7106.145,69.85852385505784,90.67267836499255
163880,PAN AMERICAN ENERGY SL,COIRON AMARGO SUR ESTE,45,4601.153,75.71489146307458,83.58669229212765
163885,PAN AMERICAN ENERGY SL,COIRON AMARGO SUR ESTE,45,5779.809,70.70932620783836,89.18929500957557
163897,PAN AMERICAN ENERGY SL,COIRON AMARGO SUR ESTE,45,6844.59,42.732260076936676,84.27026308369092
163905,TECPETROL S.A.,PUESTO PARADA NC,45,2940.162,36.44496459718886,67.69656910061418
163940,YPF S.A.,LA AMARGA CHICA,44,4103.27,44.73237198624512,91.061031811214
163941,YPF S.A.,LA AMARGA CHICA,44,6401.18,76.96846518923074,81.692281735555
163942,YPF S.A.,LA AMARGA CHICA,44,4554.14,59.95775272609099,84.0178387137857
163943,YPF S.A.,LA AMARGA CHICA,44,4353.51,5.095199046286803,78.21665736382826
163944,YPF S.A.,LA AMARGA CHICA,44,5198.97,73.61977468613976,70.24102851141669
163945,YPF S.A.,LA AMARGA CHICA,44,4935.79,68.28268625691125,72.44676130872666
163946,YPF S.A.,LA AMARGA CHICA,44,6140.85,61.30942784793636,79.32778035613963
163947,YPF S.A.,LA AMARGA CHICA,44,4920.34,62.3373588004081,90.10434238284346
163948,YPF S.A.,LA AMARGA CHICA,44,5353.39,67.81665449369466,65.5621951697896
163950,YPF S.A.,BANDURRIA SUR,44,5830.25,69.48844389177135,81.32378542944127
163951,YPF S.A.,BANDURRIA SUR,44,4394.11,61.258138735716685,83.16041246122651
163952,YPF S.A.,BANDURRIA SUR,44,6142.14,61.19544653817726,86.67370004591234
163953,YPF S.A.,BANDURRIA SUR,44,3754.9,64.66723481317744,100.0
163969,SHELL ARGENTINA S.A.,SIERRAS BLANCAS,43,7301.34,60.02432430211441,75.14072759246932
163970,SHELL ARGENTINA S.A.,SIERRAS BLANCAS,43,6558.17,69.92743402504051,83.73204720219208
163971,SHELL ARGENTINA S.A.,SIERRAS BLANCAS,43,7194.99,71.67612463672639,85.34591430981835
163972,SHELL ARGENTINA S.A.,SIERRAS BLANCAS,43,6842.5,72.26145414687615,85.9409572524662
163974,VISTA ENERGY ARGENTINA SAU,AGUILA MORA,52,6424.67696,79.67265890361591,90.38346980172524
163975,VISTA ENERGY ARGENTINA SAU,AGUILA MORA,52,5977.26505,80.08510598003346,89.95788215883115
163977,VISTA ENERGY ARGENTINA SAU,BAJADA DEL PALO ESTE,52,6674.031,50.01517074164025,84.2254104004012
164000,TECPETROL S.A.,PUESTO PARADA NC,44,5193.088,56.3593954117473,100.0
164004,PLUSPETROL S.A.,LA CALERA,43,3223.104,65.88217445046763,78.67236055678003
164005,PLUSPETROL S.A.,LA CALERA,43,3385.075,15.356882786939718,77.58049673936324
164006,PLUSPETROL S.A.,LA CALERA,43,5139.575,88.88929532111118,95.27297490551263
164008,SHELL ARGENTINA S.A.,CRUZ DE LORENA,42,5401.1,13.146025809557326,85.46462757586417
164009,SHELL ARGENTINA S.A.,CRUZ DE LORENA,42,6902.51,74.64733843196171,89.88541849269323
164010,SHELL ARGENTINA S.A.,CRUZ DE LORENA,42,5917.82,44.86398707632202,84.62237783508117
164011,CAPEX S.A.,AGUA DEL CAJON,43,1990.93,80.27856328449519,84.99897033044859
164021,YPF S.A.,AGUADA DE LA ARENA,43,12.9,60.620155038759684,100.0
164022,YPF S.A.,AGUADA DE LA ARENA,43,14.58,70.43895747599451,100.0
164023,YPF S.A.,AGUADA DE LA ARENA,43,11.21,62.44424620874221,100.0
164024,YPF S.A.,AGUADA DE LA ARENA,43,12.71,58.929976396538166,100.0
164025,YPF S.A.,LOMA CAMPANA-LLL,43,4410.69,58.167996390587405,91.56277135776942
164026,YPF S.A.,LOMA CAMPANA-LLL,43,6382.31,51.92398990334222,88.43146133609932
164027,YPF S.A.,LOMA CAMPANA,43,5565.48,60.70258090946332,84.02851146711514
164028,YPF S.A.,LOMA CAMPANA,43,3838.68,70.22570258526369,74.433138474684
164029,YPF S.A.,LOMA CAMPANA,43,4252.39,70.83498926486047,87.92420262487684
164030,YPF S.A.,LOMA CAMPANA,43,4369.11,61.10741089146302,83.68386238844982
164031,YPF S.A.,LOMA CAMPANA,43,4367.74,61.31111284096581,65.06820460924871
164052,TECPETROL S.A.,FORTIN DE PIEDRA,43,408.331,63.068466513686204,88.58175107939392
164053,TECPETROL S.A.,FORTIN DE PIEDRA,43,357.8328,62.16165762333694,86.62423623547086
164054,TECPETROL S.A.,FORTIN DE PIEDRA,43,384.9423,67.04924348402346,88.65604533458651
164083,TOTAL AUSTRAL S.A.,LA ESCALONADA,43,5691.43,75.28652728751825,83.99453212988651
164089,VISTA ENERGY ARGENTINA SAU,AGUADA FEDERAL,42,3495.648,94.15232883860159,93.02687227089226
164090,VISTA ENERGY ARGENTINA SAU,AGUADA FEDERAL,42,2475.907,69.09043837268524,77.1219597505076
164091,VISTA ENERGY ARGENTINA SAU,AGUADA FEDERAL,42,2677.44,86.4721898529939,88.22449802796702
164092,VISTA ENERGY ARGENTINA SAU,AGUADA FEDERAL,42,2824.721,79.33240132388296,82.62090309096013
164097,TECPETROL S.A.,FORTIN DE PIEDRA,42,428.475,59.39585740124862,88.27879572903903
164098,TECPETROL S.A.,FORTIN DE PIEDRA,42,386.0368,58.28319994363231,94.26057567568688
164099,TECPETROL S.A.,FORTIN DE PIEDRA,42,497.4938,65.58600328285497,78.08881236308875
164108,YPF S.A.,LOMA CAMPANA-LLL,42,4407.98,73.87283971342882,95.86772172287533
164109,YPF S.A.,LOMA CAMPANA-LLL,42,6793.67,99.62435620217055,88.1519120004357
164110,YPF S.A.,LOMA CAMPANA-LLL,42,7573.89,100.0,83.27490893054956
164111,YPF S.A.,LOMA CAMPANA-LLL,42,3492.82,68.58498290779372,100.0
164114,YPF S.A.,LOMA CAMPANA,42,2634.65,78.59450021824532,85.74839162697133
164127,VISTA ENERGY ARGENTINA SAU,BAJADA DEL PALO ESTE,42,15942.51505,62.73538408859773,83.11090821269133
164132,PAN AMERICAN ENERGY SL,LINDERO ATRAVESADO OCCIDENTAL,42,4981.212,78.95674787581818,91.16399783827711
164134,PAN AMERICAN ENERGY SL,LINDERO ATRAVESADO OCCIDENTAL,42,3470.332,65.6314150922736,95.13593223933617
164137,PAN AMERICAN ENERGY SL,LINDERO ATRAVESADO OCCIDENTAL,42,5253.473,73.9655842906207,90.74111735227343
164146,TOTAL AUSTRAL S.A.,AGUADA PICHANA ESTE VACA MUERTA,42,499.209,50.229563168933254,74.16420777670274
164147,TOTAL AUSTRAL S.A.,AGUADA PICHANA ESTE VACA MUERTA,42,521.6389,46.02434749402317,72.27858198458742
164177,YPF S.A.,BANDURRIA SUR,41,5135.09,98.54160297093138,100.0
164178,YPF S.A.,BANDURRIA SUR,41,5270.39,99.03555524353985,76.03668798703701
164179,YPF S.A.,BANDURRIA SUR,41,6121.49,81.53603126036309,90.13361126131056
164180,YPF S.A.,BANDURRIA SUR,41,4701.16,78.9217980243174,72.26280322303431
164181,YPF S.A.,BANDURRIA SUR,41,5364.55,67.29641815250113,98.72216681734722
164204,TOTAL AUSTRAL S.A.,LA ESCALONADA,41,8131.386,51.01128919473261,66.69632950643347
164205,TOTAL AUSTRAL S.A.,LA ESCALONADA,41,8132.049,48.245718907989854,77.99816503811033
164232,TECPETROL S.A.,FORTIN DE PIEDRA,41,1388.715,54.13939505226053,57.456130307514506
164234,PLUSPETROL S.A.,LA CALERA,40,835.378,52.375810710839886,86.70829253343994
164235,PLUSPETROL S.A.,LA CALERA,40,751.588,90.13009787277072,90.08219929003656
164236,PLUSPETROL S.A.,LA CALERA,40,1129.751,23.327529694596414,86.73309428360763
164248,TECPETROL S.A.,FORTIN DE PIEDRA,41,2259.153,58.0683158688234,67.72892318492816
164249,TECPETROL S.A.,FORTIN DE PIEDRA,41,1659.075,46.52148938414478,100.0
164250,TECPETROL S.A.,FORTIN DE PIEDRA,41,2548.375,66.97313385981263,92.36323931917399
164269,YPF S.A.,LA AMARGA CHICA,40,7696.14,82.67287237498279,93.85666061168327
164270,YPF S.A.,LA AMARGA CHICA,40,8306.5,94.63865647384578,89.24071510263047
164271,YPF S.A.,LA AMARGA CHICA,40,5365.56,90.66751653135925,82.81428219980766
164272,YPF S.A.,LA AMARGA CHICA,40,7544.54,95.30229808576799,94.83069875698187
164273,YPF S.A.,LOMA CAMPANA-LLL,40,5930.12,72.56227529965666,80.44238565155511
164274,YPF S.A.,LOMA CAMPANA-LLL,40,4184.87,25.234475622898678,33.26244303885186
164275,YPF S.A.,LOMA CAMPANA-LLL,40,6971.0,62.62559173719696,84.01090230956821
164276,YPF S.A.,LOMA CAMPANA-LLL,40,7013.29,68.56482478266264,91.70617499062494
164277,YPF S.A.,LOMA CAMPANA-LLL,40,5283.53,67.32090098854364,85.09481350536478
164300,VISTA ENERGY ARGENTINA SAU,BAJADA DEL PALO OESTE,40,8553.849,72.89225002685926,88.768518125583
164301,VISTA ENERGY ARGENTINA SAU,BAJADA DEL PALO OESTE,40,4597.848,75.2077493644853,100.0
164302,VISTA ENERGY ARGENTINA SAU,BAJADA DEL PALO OESTE,40,8206.369,72.80602419900933,89.70407009482513
164303,VISTA ENERGY ARGENTINA SAU,BAJADA DEL PALO OESTE,40,4156.747027,71.30280018842244,76.2100268893751
164331,SHELL ARGENTINA S.A.,COIRON AMARGO SUR OESTE,39,6809.54,84.07410779582763,83.44983655283616
164332,SHELL ARGENTINA S.A.,COIRON AMARGO SUR OESTE,39,4644.72,79.62632839008594,85.03009869270915
164333,SHELL ARGENTINA S.A.,COIRON AMARGO SUR OESTE,39,7043.49,79.40637382888312,90.42988632055983
164334,SHELL ARGENTINA S.A.,COIRON AMARGO SUR OESTE,39,7380.51,88.49537498086175,86.82760405446236
164335,TOTAL AUSTRAL S.A.,AGUADA PICHANA ESTE VACA MUERTA,39,382.2452,65.34836801089982,78.77010620408052
164336,TOTAL AUSTRAL S.A.,AGUADA PICHANA ESTE VACA MUERTA,39,467.8539,62.634168487213636,81.06371668591413
164337,TOTAL AUSTRAL S.A.,AGUADA PICHANA ESTE VACA MUERTA,39,466.2921,61.46406941056903,85.95040962521132
164350,PLUSPETROL S.A.,LA CALERA,39,5809.74,85.87947137049163,78.55960851948625
164351,PLUSPETROL S.A.,LA CALERA,39,3754.573,76.68131635741268,78.68450020814618
164352,PLUSPETROL S.A.,LA CALERA,39,8800.263,76.98597189652173,84.45526003029681
164353,PLUSPETROL S.A.,LA CALERA,39,4005.353,93.98365137854266,85.75621174962606
164354,PLUSPETROL S.A.,LA CALERA,39,3270.899,77.74296913478527,83.80702063866845
164355,PLUSPETROL S.A.,LA CALERA,39,3501.082,83.47913587856554,84.80432620544163
164375,KILWER S.A.,MATA MORA NORTE,39,6703.488,85.3531325781444,87.29117736915468
164376,KILWER S.A.,MATA MORA NORTE,39,3834.625,77.03622127326662,86.60652866968739
164378,KILWER S.A.,MATA MORA NORTE,39,7473.76,88.27308877994476,90.85946698850378
164380,KILWER S.A.,MATA MORA NORTE,39,9636.775,83.04334178187204,100.0
164397,YPF S.A.,LA AMARGA CHICA,39,4894.33,85.43845633620944,90.56888276842795
164398,YPF S.A.,LA AMARGA CHICA,39,4245.36,87.84578928524319,91.80870409105471
164399,YPF S.A.,LA AMARGA CHICA,39,4337.24,78.12318432920475,88.02487296068468
164400,YPF S.A.,LA AMARGA CHICA,39,4361.49,64.66872559606924,94.64082228779614
164401,YPF S.A.,LA AMARGA CHICA,39,4251.68,86.13653896812554,90.9400519324126
164402,YPF S.A.,LA AMARGA CHICA,39,4757.22,69.55974287504047,83.51158870096401
164403,YPF S.A.,LA AMARGA CHICA,39,5713.27,93.31643699667616,87.46584705431391
164404,YPF S.A.,LA AMARGA CHICA,39,7221.71,94.71247114603051,89.79341457909553
164405,YPF S.A.,LA AMARGA CHICA,39,4916.0,93.60374288039056,87.39686737184704
164406,YPF S.A.,LA AMARGA CHICA,39,6557.72,95.9487443806689,81.8266104682725
164407,YPF S.A.,LA AMARGA CHICA,39,7201.75,97.33509216509876,86.75627451661055
164408,YPF S.A.,LA AMARGA CHICA,39,8291.46,96.32272241559387,75.2992838414465
164409,YPF S.A.,BANDURRIA SUR,39,7168.49,93.09924405279216,82.57038790596067
164410,YPF S.A.,BANDURRIA SUR,39,8803.26,91.8580162348948,79.94640621769663
164411,YPF S.A.,BANDURRIA SUR,39,7993.19,25.222470628122185,88.66872925577897
164412,YPF S.A.,BANDURRIA SUR,39,6802.29,69.06629973141398,83.31547170144172
164413,YPF S.A.,RINCON DEL MANGRULLO,39,69.25,87.2057761732852,98.74368231046931
164415,YPF S.A.,RINCON DEL MANGRULLO,39,97.89,100.0,95.69925426499132
164416,YPF S.A.,RINCON DEL MANGRULLO,39,109.93,82.69808059674338,99.8544528336214
164440,SHELL ARGENTINA S.A.,CRUZ DE LORENA,38,4868.63,61.21701587510244,92.21813939444978
164441,SHELL ARGENTINA S.A.,CRUZ DE LORENA,38,3755.4,69.4352132928583,94.10502210150716
164442,SHELL ARGENTINA S.A.,CRUZ DE LORENA,38,3367.65,86.3222128190281,88.99321485308747
164443,SHELL ARGENTINA S.A.,CRUZ DE LORENA,38,4295.68,73.32762216924911,98.07597400178784
164444,SHELL ARGENTINA S.A.,CRUZ DE LORENA,38,4822.41,64.03105501191312,96.51481313285267
164445,VISTA ENERGY ARGENTINA SAU,BAJADA DEL PALO OESTE,38,8573.461,77.03871283720774,91.70642987703566
164446,VISTA ENERGY ARGENTINA SAU,BAJADA DEL PALO OESTE,38,5163.904,71.06472157499442,78.9548179052128
164447,VISTA ENERGY ARGENTINA SAU,BAJADA DEL PALO OESTE,38,7269.801,76.75288498268384,90.26999501086756
164448,VISTA ENERGY ARGENTINA SAU,BAJADA DEL PALO OESTE,38,4521.305,76.42970337104,84.20168513294281
164455,PLUSPETROL S.A.,LA CALERA,38,6815.971,94.62421421687387,80.61282831162279
164456,PLUSPETROL S.A.,LA CALERA,38,4790.692,61.78163822679479,83.28942875058551
164465,YPF S.A.,LA AMARGA CHICA,38,5828.74,57.202414243901764,90.98896159375782
164466,YPF S.A.,LA AMARGA CHICA,38,7079.29,54.821034312763004,92.10556425856265
164467,YPF S.A.,LA AMARGA CHICA,38,5282.71,75.02702211554298,70.41972775336902
164468,YPF S.A.,LA AMARGA CHICA,38,6743.89,69.97756487724445,89.69912024069194
164469,YPF S.A.,BANDURRIA SUR,38,5548.35,96.23095154415276,88.77900637126352
164470,YPF S.A.,BANDURRIA SUR,38,5487.52,99.21111904831326,81.82913228562265
164471,YPF S.A.,BANDURRIA SUR,38,5831.24,99.70709488890871,90.2943456280311
164472,YPF S.A.,BANDURRIA SUR,38,5764.71,99.60501048621701,84.77668434318466
164498,TECPETROL S.A.,FORTIN DE PIEDRA,38,453.9934,58.21298283190901,71.87831364949359
164499,TECPETROL S.A.,FORTIN DE PIEDRA,38,528.0651,63.64751239951288,93.39610210938008
164500,TECPETROL S.A.,FORTIN DE PIEDRA,38,557.6093,97.58272324367617,79.14661753310068
164501,TECPETROL S.A.,LOS TOLDOS ESTE,38,8240.881,22.09468866253499,66.77157454403236
164509,PAN AMERICAN ENERGY SL,LINDERO ATRAVESADO OCCIDENTAL,38,2351.056,44.925599390231454,80.35832408926031
164510,PAN AMERICAN ENERGY SL,LINDERO ATRAVESADO OCCIDENTAL,38,4986.764,68.40849095726207,85.504026258311
164528,PLUSPETROL S.A.,LA CALERA,37,3057.821,70.5119102785938,78.65336133148408
164529,CHEVRON ARGENTINA S.R.L.,EL TRAPIAL ESTE,37,4374.06,42.12265035230427,62.161698742129744
164531,CHEVRON ARGENTINA S.R.L.,EL TRAPIAL ESTE,37,4437.09,53.17156063996899,52.36923298828737
164550,VISTA ENERGY ARGENTINA SAU,BAJADA DEL PALO OESTE,37,8614.606,73.22596065333691,88.65965547350628
164551,VISTA ENERGY ARGENTINA SAU,BAJADA DEL PALO OESTE,37,5228.78,67.87074613963486,82.66144301347542
164552,VISTA ENERGY ARGENTINA SAU,BAJADA DEL PALO OESTE,37,7913.635,77.12488635121534,87.29919941973569
164553,VISTA ENERGY ARGENTINA SAU,BAJADA DEL PALO OESTE,37,4788.82,56.082646664522784,77.26089099193538
164554,PLUSPETROL S.A.,LA CALERA,37,5278.303,50.40070643917183,83.03037927151965
164563,YPF S.A.,LA AMARGA CHICA,37,5535.35,74.20488316005311,89.90542603448743
164564,YPF S.A.,LA AMARGA CHICA,37,2170.88,84.00003685141509,96.91323334316037
164565,YPF S.A.,LA AMARGA CHICA,37,4315.72,66.58935241396568,89.625137868073
164566,YPF S.A.,BANDURRIA SUR,37,4610.37,97.1217060669751,90.11619457874313
164567,YPF S.A.,BANDURRIA SUR,37,4325.42,71.77753836621645,78.63606308751521
164568,YPF S.A.,BANDURRIA SUR,37,5544.79,55.27062341405175,67.09758169380626
164569,YPF S.A.,BANDURRIA SUR,37,4952.64,56.10906506428894,97.32889933449636
164570,YPF S.A.,LOMA CAMPANA-LLL,37,6576.46,53.304361312925195,91.01598732448764
164571,YPF S.A.,LOMA CAMPANA-LLL,37,5770.74,62.036584562811704,84.01747436204022
164572,YPF S.A.,LOMA CAMPANA-LLL,37,6898.75,57.278202572929885,89.66682369994564
164573,YPF S.A.,LOMA CAMPANA-LLL,37,8460.2,63.75877638826506,80.11039928134088
164574,YPF S.A.,LOMA CAMPANA-LLL,37,9242.54,58.54894866562654,81.06105031733702
164575,YPF S.A.,LOMA AMARILLA SUR,37,4723.27,100.0,100.0
164576,YPF S.A.,LOMA AMARILLA SUR,37,2220.69,100.0,100.0
164577,YPF S.A.,LOMA AMARILLA SUR,37,2840.08,100.0,100.0
164578,YPF S.A.,LOMA AMARILLA SUR,37,1724.69,100.0,100.0
164585,PLUSPETROL S.A.,LA CALERA,37,6500.111,97.98777282418716,100.0
164594,PAN AMERICAN ENERGY SL,LINDERO ATRAVESADO OCCIDENTAL,37,1847.457,75.84737290231925,73.85512084990341
164604,PAN AMERICAN ENERGY SL,LINDERO ATRAVESADO OCCIDENTAL,37,3733.014,82.62124117402185,100.0
164622,VISTA ENERGY ARGENTINA SAU,BAJADA DEL PALO OESTE,36,7931.25,71.33900709219859,87.86384239558707
164623,VISTA ENERGY ARGENTINA SAU,BAJADA DEL PALO OESTE,36,7193.912,69.51500101752704,84.68721885950231
164624,VISTA ENERGY ARGENTINA SAU,BAJADA DEL PALO OESTE,36,5864.783,71.48808404334824,77.28528063186651
164625,VISTA ENERGY ARGENTINA SAU,BAJADA DEL PALO OESTE,36,6278.289,61.63838587232922,89.09610564279535
164636,PLUSPETROL S.A.,LA CALERA,36,6828.013,57.827804370026826,84.11485156809162
164644,YPF S.A.,AGUADA DE LA ARENA,36,6.63,100.0,100.0
164645,YPF S.A.,AGUADA DE LA ARENA,36,3.41,84.75073313782991,100.0
164646,YPF S.A.,LA AMARGA CHICA,36,3709.05,59.24023671829715,66.65696067726236
164647,YPF S.A.,LA AMARGA CHICA,36,9978.21,80.21308431071303,88.2465893181242
164648,YPF S.A.,LA AMARGA CHICA,36,6782.22,70.46851915744402,100.0
164649,YPF S.A.,LA AMARGA CHICA,36,7132.06,71.43419993662421,79.8122842488706
164650,YPF S.A.,BANDURRIA SUR,36,6482.3,78.03156287120312,100.0
164651,YPF S.A.,BANDURRIA SUR,36,8847.21,78.46157150107209,88.70536587240497
164652,YPF S.A.,BANDURRIA SUR,36,6887.82,76.8964636125799,96.97015891820634
164653,YPF S.A.,BANDURRIA SUR,36,10089.41,65.2766613706847,84.86948196177973
164654,YPF S.A.,BANDURRIA SUR,36,6867.85,49.624991809663875,96.78400081539347
164655,YPF S.A.,LOMA CAMPANA-LLL,36,5969.77,50.280664079185634,60.123421840372416
164656,YPF S.A.,LOMA CAMPANA-LLL,36,6348.42,42.35337296524174,85.33335853645474
164657,YPF S.A.,LOMA CAMPANA-LLL,36,6368.7,69.2384631086407,82.36296261403426
164658,YPF S.A.,LOMA CAMPANA-LLL,36,5253.11,61.97814247179289,92.03252930168986
164659,YPF S.A.,LOMA CAMPANA-LLL,36,5815.4,62.02273274409327,87.83798191010077
164660,YPF S.A.,LOMA CAMPANA-LLL,36,6298.41,58.96662808550095,82.44080648925681
164676,SHELL ARGENTINA S.A.,COIRON AMARGO SUR OESTE,34,6098.6,79.03305676712688,83.22319876693012
164677,SHELL ARGENTINA S.A.,COIRON AMARGO SUR OESTE,34,5585.35,86.8656395749595,90.70532732953173
164678,SHELL ARGENTINA S.A.,COIRON AMARGO SUR OESTE,34,792.94,56.987918379700865,61.70202032940701
164679,SHELL ARGENTINA S.A.,COIRON AMARGO SUR OESTE,34,3804.21,83.30665236672003,75.10310944979378
164680,KILWER S.A.,MATA MORA NORTE,36,5252.975,66.07082653163208,81.41689042875704
164681,KILWER S.A.,MATA MORA NORTE,36,7457.305,73.75369520222117,91.34046951277975
164682,KILWER S.A.,MATA MORA NORTE,36,3701.298,74.82464800186312,87.44779534098579
164683,KILWER S.A.,MATA MORA NORTE,36,7179.417,79.50117676686004,85.04636239962102
164697,PAN AMERICAN ENERGY SL,LINDERO ATRAVESADO OCCIDENTAL,36,4446.449,68.11984124860085,77.43228360428738
164701,PAN AMERICAN ENERGY SL,LINDERO ATRAVESADO OCCIDENTAL,36,4420.406,72.925880563912,81.30445483966857
164705,TOTAL AUSTRAL S.A.,AGUADA PICHANA ESTE VACA MUERTA,37,370.2137,54.615671975402314,74.8783445885444
164706,TOTAL AUSTRAL S.A.,AGUADA PICHANA ESTE VACA MUERTA,37,403.033,57.24682594229257,75.89749226490139
164707,PLUSPETROL S.A.,LA CALERA,35,2154.875,53.2041533731655,60.481280816752715
164711,VISTA ENERGY ARGENTINA SAU,BAJADA DEL PALO OESTE,35,9324.531,67.53002376205302,85.28620903292617
164712,VISTA ENERGY ARGENTINA SAU,BAJADA DEL PALO OESTE,35,5382.683,70.0069463499894,81.56761228554608
164713,VISTA ENERGY ARGENTINA SAU,BAJADA DEL PALO OESTE,35,9875.145,60.35917447288116,86.23185786132761
164723,YPF S.A.,LOMA COLORADA,35,6925.12,87.89681622845524,90.88189085532092
164724,YPF S.A.,LOMA COLORADA,35,6055.07,98.83106223379747,93.49999256821143
164725,YPF S.A.,LOMA COLORADA,35,7333.62,94.00296170240617,94.551531167418
164726,YPF S.A.,LOMA COLORADA,35,7590.1,72.04516409533471,91.91104201525671
164727,YPF S.A.,AGUADA DE LA ARENA,35,8.71,100.0,100.0
164728,YPF S.A.,AGUADA DE LA ARENA,35,2.18,100.0,100.0
164729,YPF S.A.,AGUADA DE LA ARENA,35,2.22,100.0,100.0
164730,YPF S.A.,LA AMARGA CHICA,35,5339.63,72.46775525645035,77.4484374385491
164731,YPF S.A.,LA AMARGA CHICA,35,5629.03,62.197394577751396,77.87025473305347
164732,YPF S.A.,BANDURRIA SUR,35,5535.95,61.58057785926534,72.85578807612063
164733,YPF S.A.,BANDURRIA SUR,35,6328.31,100.0,80.68678683566387
164753,PAN AMERICAN ENERGY SL,LINDERO ATRAVESADO OCCIDENTAL,35,3016.204,32.88945310065235,79.720131662182
164757,PAN AMERICAN ENERGY SL,LINDERO ATRAVESADO OCCIDENTAL,35,2799.622,64.25938930327023,74.30753866057633
164764,PAN AMERICAN ENERGY SL,LINDERO ATRAVESADO OCCIDENTAL,35,4355.724,71.98672367670679,82.49253396220698
164767,PAN AMERICAN ENERGY SL,LINDERO ATRAVESADO OCCIDENTAL,35,5353.76,54.75815128059532,58.88568034428141
164771,PAMPA ENERGIA S.A.,SIERRA CHATA,34,1320.975,83.33503662067791,92.98511781070799
164772,PAMPA ENERGIA S.A.,SIERRA CHATA,34,2879.2,87.74319255348708,92.58392956376771
164773,PAMPA ENERGIA S.A.,SIERRA CHATA,34,1452.256,86.97026557301191,85.8497813057753
164776,PLUSPETROL S.A.,AGUADA VILLANUEVA NORTE,34,2636.071,39.86656656819941,39.86656656819941
164778,TECPETROL S.A.,FORTIN DE PIEDRA,34,1162.712,68.42617088324538,94.97455517789444
164779,TECPETROL S.A.,FORTIN DE PIEDRA,34,2191.056,46.3295324263734,87.67530816190914
164780,TECPETROL S.A.,FORTIN DE PIEDRA,34,2037.593,62.661341101976696,85.91223566237221
164781,PLUSPETROL S.A.,LA CALERA,34,2378.053,52.7118192908232,61.260409250761015
164788,YPF S.A.,BAJO DEL TORO NORTE,34,2031.04,72.56233259807783,88.5925437214432
164789,YPF S.A.,BAJO DEL TORO NORTE,34,5034.93,69.23790400263758,76.86005565122058
164790,YPF S.A.,BAJO DEL TORO NORTE,34,5507.79,79.75249601019647,87.15673618638328
164791,YPF S.A.,BAJO DEL TORO NORTE,34,3448.54,90.68968317026915,99.31188270978443
164792,YPF S.A.,LA AMARGA CHICA,34,3799.43,68.48764156728772,80.37258220311993
164793,YPF S.A.,LA AMARGA CHICA,34,4181.31,73.58292018530078,86.7950474851183
164795,YPF S.A.,LOMA CAMPANA-LLL,34,4825.02,64.23165085326073,76.59139236728552
164796,YPF S.A.,LOMA CAMPANA-LLL,34,5052.32,53.01841530227698,75.5114482059727
164797,YPF S.A.,LOMA CAMPANA-LLL,34,6950.58,68.68304515594382,85.99627656972511
164798,YPF S.A.,LOMA CAMPANA-LLL,34,6480.06,66.43919963704039,84.43702681765292
164799,YPF S.A.,LOMA CAMPANA-LLL,34,7220.74,60.50737182061672,74.9927292770547
164800,YPF S.A.,LOMA CAMPANA-LLL,34,6591.41,72.41257940258609,94.12189501184118
164801,YPF S.A.,LOMA CAMPANA-LLL,34,5801.28,54.88495642341,95.21398725798444
164802,YPF S.A.,LOMA CAMPANA-LLL,34,6671.03,53.028392916835934,82.44768798821171
164803,YPF S.A.,LOMA CAMPANA-LLL,34,7112.85,62.8099847459176,90.5358611527025
164804,YPF S.A.,LOMA CAMPANA-LLL,34,4718.98,82.65896443723008,99.93134109489763
164805,YPF S.A.,LOMA CAMPANA-LLL,34,4640.42,66.47027639739507,100.0
164806,YPF S.A.,LOMA CAMPANA-LLL,34,7154.34,55.93947170528659,94.72599848483578
164807,YPF S.A.,LOMA CAMPANA-LLL,34,5153.2,76.36012574710858,73.33617946130559
164808,YPF S.A.,LOMA CAMPANA-LLL,34,5550.34,69.00117830619385,86.76873849169601
164809,YPF S.A.,LOMA CAMPANA-LLL,34,7726.35,59.16415901428229,53.18850427433394
164810,YPF S.A.,LOMA CAMPANA-LLL,34,7030.98,60.660818264310244,59.48274635968242
164811,YPF S.A.,RINCON DEL MANGRULLO,34,37.17,81.30212536992198,100.0
164812,YPF S.A.,RINCON DEL MANGRULLO,34,35.41,91.97966676080203,97.71251059022875
164813,YPF S.A.,RINCON DEL MANGRULLO,34,49.42,100.0,95.73047349251316
164814,YPF S.A.,RINCON DEL MANGRULLO,34,42.21,80.38379530916845,99.57356076759062
164827,VISTA ENERGY ARGENTINA SAU,BAJADA DEL PALO OESTE,34,10535.525,79.00994967028221,81.21336146039233
164828,VISTA ENERGY ARGENTINA SAU,BAJADA DEL PALO OESTE,34,6000.829,72.34315458747449,85.60905501556535
164829,VISTA ENERGY ARGENTINA SAU,BAJADA DEL PALO OESTE,34,8169.851,74.05461862156359,83.93739371746192
164830,VISTA ENERGY ARGENTINA SAU,BAJADA DEL PALO OESTE,34,5092.193,51.70634734386541,81.86997232822873
164848,PAN AMERICAN ENERGY SL,BANDURRIA CENTRO,34,5072.483,67.04288609740044,83.54927754316772
164851,PAN AMERICAN ENERGY SL,BANDURRIA CENTRO,34,5262.936,71.41065367315886,88.1331769947421
164858,PLUSPETROL S.A.,LA CALERA,34,7525.338,75.16353418278355,78.35990888382688
164859,CHEVRON ARGENTINA S.R.L.,EL TRAPIAL ESTE,34,4515.82,67.65460093626406,67.65460093626406
164860,CHEVRON ARGENTINA S.R.L.,EL TRAPIAL ESTE,34,4523.5,42.74079805460374,42.74079805460374
164861,CHEVRON ARGENTINA S.R.L.,EL TRAPIAL ESTE,34,4943.1,36.80281604661043,59.571928546863305
164867,PLUSPETROL S.A.,AGUADA VILLANUEVA NORTE,33,2340.205,23.869917379033033,17.371341399578235
164868,PLUSPETROL S.A.,LA CALERA,33,6181.325,85.00371684064501,81.1309872883241
164869,PLUSPETROL S.A.,LA CALERA,33,1756.244,60.48481873817077,50.38662053792069
164882,YPF S.A.,LA AMARGA CHICA,33,7219.98,82.40756899603599,75.9442546932263
164883,YPF S.A.,LA AMARGA CHICA,33,5953.37,97.5608772846304,73.73000502236549
164884,YPF S.A.,LA AMARGA CHICA,33,6424.06,79.49629984775983,86.027372098019
164885,YPF S.A.,LA AMARGA CHICA,33,6964.39,99.88326328651898,99.27545700341308
164886,YPF S.A.,LA AMARGA CHICA,33,8992.38,81.09399291400052,90.92576158925668
164887,YPF S.A.,BANDURRIA SUR,33,1809.69,78.34269957838083,83.23801314037212
164902,TOTAL AUSTRAL S.A.,AGUADA PICHANA ESTE VACA MUERTA,33,1101.278,54.227424864566444,68.74015462035925
164903,TOTAL AUSTRAL S.A.,AGUADA PICHANA ESTE VACA MUERTA,33,1087.08,68.71645141111969,77.05228686021269
164904,TOTAL AUSTRAL S.A.,AGUADA PICHANA ESTE VACA MUERTA,33,1091.291,49.64891124365545,63.13448933419225
164905,KILWER S.A.,MATA MORA NORTE,33,6736.135,76.63011504371572,81.32825425856221
164906,KILWER S.A.,MATA MORA NORTE,33,4694.161,87.40137374921738,91.36075008931309
164907,KILWER S.A.,MATA MORA NORTE,33,8274.183,87.01041540898963,89.62887695377296
164908,KILWER S.A.,MATA MORA NORTE,33,4683.14,90.75413504614426,89.71985462745081
164926,SHELL ARGENTINA S.A.,COIRON AMARGO SUR OESTE,32,5375.22,81.88669487016345,100.0
164927,SHELL ARGENTINA S.A.,COIRON AMARGO SUR OESTE,32,5135.72,85.40321512855063,84.21019837530083
164928,SHELL ARGENTINA S.A.,COIRON AMARGO SUR OESTE,32,4871.27,89.52039201276052,90.76852648282686
164929,SHELL ARGENTINA S.A.,COIRON AMARGO SUR OESTE,32,5511.02,81.00587550036109,84.2355861528356
164930,SHELL ARGENTINA S.A.,COIRON AMARGO SUR OESTE,32,4183.47,79.89372458748359,84.65532201736836
164931,SHELL ARGENTINA S.A.,COIRON AMARGO SUR OESTE,32,4116.75,75.00625493411064,83.27952875447866
164932,SHELL ARGENTINA S.A.,COIRON AMARGO SUR OESTE,32,4626.96,79.69984611926621,82.91686117883016
164933,SHELL ARGENTINA S.A.,COIRON AMARGO SUR OESTE,32,5689.97,79.40235185774266,83.3971005119535
164934,SHELL ARGENTINA S.A.,CRUZ DE LORENA,32,2788.98,79.89372458748359,84.65532201736836
164935,SHELL ARGENTINA S.A.,CRUZ DE LORENA,32,1849.56,75.00648802958541,83.27926642012154
164936,SHELL ARGENTINA S.A.,CRUZ DE LORENA,32,1085.34,79.70037039084526,82.91687397497557
164937,SHELL ARGENTINA S.A.,CRUZ DE LORENA,32,363.19,79.4019659131584,83.39711996475674
164941,VISTA ENERGY ARGENTINA SAU,BAJADA DEL PALO OESTE,32,26593.261,82.37385027733154,77.26548842580833
164942,VISTA ENERGY ARGENTINA SAU,BAJADA DEL PALO OESTE,32,14388.425,78.83101868342088,91.50761115271477
164944,VISTA ENERGY ARGENTINA SAU,BAJADA DEL PALO OESTE,32,7550.271,74.1183594602101,84.48814618707064
164945,PLUSPETROL S.A.,LA CALERA,32,5760.556,79.46984631344614,82.24718239003317
164946,TECPETROL S.A.,FORTIN DE PIEDRA,32,1294.097,57.25131114591873,66.04848786451093
164947,TOTAL AUSTRAL S.A.,AGUADA PICHANA ESTE VACA MUERTA,32,1151.65,40.086137281292054,63.4270655146963
164948,TOTAL AUSTRAL S.A.,AGUADA PICHANA ESTE VACA MUERTA,32,1174.263,38.68707436068411,60.08507463830504
164949,TOTAL AUSTRAL S.A.,AGUADA PICHANA ESTE VACA MUERTA,32,1089.283,42.16544277290658,67.19850580611282
164962,YPF S.A.,LOMA COLORADA,32,6268.54,94.32068711374578,74.90133268671812
164963,YPF S.A.,LOMA COLORADA,32,4603.02,70.95537277700292,77.43568352950889
164964,YPF S.A.,LOMA COLORADA,32,5888.37,62.02225743287191,83.1661393560527
164965,YPF S.A.,LOMA COLORADA,32,4943.82,60.70366639562119,68.96853040766047
164967,YPF S.A.,BANDURRIA SUR,32,7576.62,45.418405568710064,63.81697907510209
164968,YPF S.A.,BANDURRIA SUR,32,6819.09,84.26916201428637,100.0
164969,YPF S.A.,BANDURRIA SUR,32,7483.34,58.94640628382515,84.92865485197785
164970,YPF S.A.,BANDURRIA SUR,32,6253.89,63.25007315446866,100.0
164971,YPF S.A.,BANDURRIA SUR,32,6582.58,69.02536695338301,68.06176301693256
164972,YPF S.A.,BANDURRIA SUR,32,6291.56,73.76294591484465,61.60062051383123
164994,PAN AMERICAN ENERGY SL,COIRON AMARGO SUR ESTE,32,5146.453,71.870140463733,76.2423945190989
165003,PAN AMERICAN ENERGY SL,COIRON AMARGO SUR ESTE,32,5872.635,55.220799521850076,86.09602333535116
165005,PAN AMERICAN ENERGY SL,COIRON AMARGO SUR ESTE,32,4775.652,59.26560394266585,79.54422349032131
165019,TECPETROL S.A.,FORTIN DE PIEDRA,31,982.2238,57.07970016609249,76.85057112238576
165020,TECPETROL S.A.,FORTIN DE PIEDRA,31,1979.136,60.06118326380805,77.52301004074505
165021,TECPETROL S.A.,FORTIN DE PIEDRA,31,1674.867,71.64625609078213,76.33568516186658
165022,TECPETROL S.A.,FORTIN DE PIEDRA,31,1589.341,97.33510492713646,98.98672405732943
165025,PLUSPETROL S.A.,LA CALERA,31,9255.765,82.069369738752,80.15553549598548
165026,VISTA ENERGY ARGENTINA SAU,BAJADA DEL PALO OESTE,31,3402.393,43.89904399638724,61.764087805259415
165027,VISTA ENERGY ARGENTINA SAU,BAJADA DEL PALO OESTE,31,8072.119,67.93049012285374,81.03832463322208
165029,VISTA ENERGY ARGENTINA SAU,BAJADA DEL PALO OESTE,31,6253.891,64.57915560088911,74.92951188308207
165030,VISTA ENERGY ARGENTINA SAU,BAJADA DEL PALO OESTE,31,8606.91,66.77813524249702,78.93604092525656
165031,VISTA ENERGY ARGENTINA SAU,BAJADA DEL PALO OESTE,31,5507.787,82.72567548454579,79.81011248256333
165032,CAPEX S.A.,AGUA DEL CAJON,31,2187.56,45.71348900144453,51.376419389639594
165033,CAPEX S.A.,AGUA DEL CAJON,31,3902.84,85.93127056194976,65.1382070492257
165034,CAPEX S.A.,AGUA DEL CAJON,31,1568.83,38.813638188968845,84.0135642485164
165035,CAPEX S.A.,AGUA DEL CAJON,31,1451.74,64.93311474506454,68.13547880474465
165042,YPF S.A.,CN VII A,31,1376.2,44.36419125127162,35.99331492515623
165043,YPF S.A.,PASO DE LAS BARDAS NORTE,31,1341.4,70.06038467273,96.139108394215
165044,YPF S.A.,AGUADA DE LA ARENA,31,1.09,100.0,100.0
165045,YPF S.A.,AGUADA DE LA ARENA,31,1.56,100.0,100.0
165046,YPF S.A.,AGUADA DE LA ARENA,31,1.83,100.0,100.0
165047,YPF S.A.,LA AMARGA CHICA,31,2826.4,62.0945372204925,85.12347863005945
165048,YPF S.A.,LA AMARGA CHICA,31,2593.13,86.99448157246262,88.62378669792876
165049,YPF S.A.,LA AMARGA CHICA,31,3539.64,81.67723271293126,85.5561582533817
165050,YPF S.A.,LA AMARGA CHICA,31,2240.46,83.11775260437588,75.7661373110879
165051,YPF S.A.,LA AMARGA CHICA,31,3661.12,55.947906651516476,87.78133467354252
165052,YPF S.A.,LA AMARGA CHICA,31,3081.27,63.62538823277415,86.17388284700789
165089,PAMPA ENERGIA S.A.,RINCON DE ARANDA,31,5990.993,84.14400584343863,84.80503649395017
165091,KILWER S.A.,MATA MORA NORTE,31,4141.446,75.75559357770209,86.29764338349456
165092,KILWER S.A.,MATA MORA NORTE,31,6092.754,79.46093014751621,87.96491701453891
165093,KILWER S.A.,MATA MORA NORTE,31,10975.22,68.9336888007712,80.63462053608038
165094,SHELL ARGENTINA S.A.,CRUZ DE LORENA,30,6873.62,68.44879408521274,94.67602224155539
165095,SHELL ARGENTINA S.A.,CRUZ DE LORENA,30,6833.08,81.30872168919433,81.93479368015595
165096,SHELL ARGENTINA S.A.,CRUZ DE LORENA,30,7130.6,70.76627492777607,85.581998709786
165097,SHELL ARGENTINA S.A.,CRUZ DE LORENA,30,8280.83,55.39625858760535,49.40265649699366
165098,SHELL ARGENTINA S.A.,CRUZ DE LORENA,30,5660.88,68.68525741580814,77.30776840349911
165099,VISTA ENERGY ARGENTINA SAU,BAJADA DEL PALO OESTE,30,5738.382,75.88363758285873,79.13744675764005
165100,VISTA ENERGY ARGENTINA SAU,BAJADA DEL PALO OESTE,30,9130.188,84.00791966167618,87.85445600901099
165101,VISTA ENERGY ARGENTINA SAU,BAJADA DEL PALO OESTE,30,7474.945,70.24218907296307,86.9535494909996
165103,PLUSPETROL S.A.,LA CALERA,30,11426.41,80.48151606672612,85.01847911986354
165106,PLUSPETROL S.A.,LA CALERA,32,5445.767,76.21633463201786,86.38050434401619
165167,YPF S.A.,LOMA COLORADA,30,5666.75,89.31556888869281,78.40578815017426
165168,YPF S.A.,LOMA COLORADA,30,5059.07,88.02329281864058,86.14587266039015
165169,YPF S.A.,LOMA COLORADA,30,4784.4,95.45188529387175,100.0
165170,YPF S.A.,LOMA COLORADA,30,5525.5,94.68916840104968,83.63532711971767
165172,YPF S.A.,LA AMARGA CHICA,30,10437.05,73.98009974082716,79.70231051877686
165173,YPF S.A.,LA AMARGA CHICA,30,9106.13,53.37031208647362,76.42368382616984
165174,YPF S.A.,LA AMARGA CHICA,30,9543.57,64.43102528718289,78.05056179186614
165175,YPF S.A.,LA AMARGA CHICA,30,9230.46,61.60451375121065,73.948318935351
165176,YPF S.A.,LA AMARGA CHICA,30,6044.94,77.3792626560396,86.92493225739213
165177,YPF S.A.,LA AMARGA CHICA,30,4101.18,61.098513110860786,73.53127636436344
165178,YPF S.A.,LA AMARGA CHICA,30,5866.94,73.46197506707072,82.12304881249851
165179,YPF S.A.,LA AMARGA CHICA,30,4070.22,100.0,76.76636643719505
165180,YPF S.A.,LA AMARGA CHICA,30,6595.14,74.29880184499495,78.52979618325008
165181,YPF S.A.,LA AMARGA CHICA,30,3504.15,60.52195254198593,69.85745473224605
165183,YPF S.A.,LOMA CAMPANA,30,4417.2,65.60649280086932,84.5929548130037
165184,YPF S.A.,LOMA CAMPANA,30,6188.12,75.57561908948114,79.6975494980705
165185,YPF S.A.,LOMA CAMPANA,30,5195.27,66.45679627815302,83.6378090070391
165186,YPF S.A.,LOMA CAMPANA,30,5466.77,70.66842029205546,85.81831684888883
165187,YPF S.A.,LOMA CAMPANA,30,6351.67,62.157511331665525,74.22976949369222
165188,YPF S.A.,LOMA CAMPANA,30,5515.93,72.83087348824225,85.90990095958433
165201,PLUSPETROL S.A.,LA CALERA,30,10426.88,68.1036129695556,77.31282991652344
165202,TECPETROL S.A.,FORTIN DE PIEDRA,30,1976.068,90.16893143353366,94.85173587143763
165203,TECPETROL S.A.,FORTIN DE PIEDRA,30,1949.091,76.31258879139044,82.48871396974282
165204,TECPETROL S.A.,FORTIN DE PIEDRA,30,1946.746,85.65246313592014,78.6379527683632
165205,TECPETROL S.A.,FORTIN DE PIEDRA,30,1989.068,79.35194271890151,77.67608246676333
165206,TECPETROL S.A.,CERRO LAS NIÑAS,30,2829.529,79.38598968238176,92.78325827372683
165208,TECPETROL S.A.,CERRO LAS NIÑAS,30,3199.728,59.72795187590945,63.49017791512279
165215,VISTA ENERGY ARGENTINA SAU,BAJADA DEL PALO ESTE,30,6498.161,69.7527500472826,74.50506381728616
165216,VISTA ENERGY ARGENTINA SAU,BAJADA DEL PALO ESTE,30,6325.718,76.67905840886363,82.76578247718282
165217,VISTA ENERGY ARGENTINA SAU,BAJADA DEL PALO ESTE,30,6446.18,69.57632272136367,82.67567768818121
165238,PLUSPETROL S.A.,LA CALERA,31,4542.974,68.08949379855575,76.12172114566361
165239,SHELL ARGENTINA S.A.,SIERRAS BLANCAS,29,5436.29,90.15652218700622,69.58826699826537
165240,SHELL ARGENTINA S.A.,SIERRAS BLANCAS,29,6457.16,80.50721989233656,78.47397307794758
165241,SHELL ARGENTINA S.A.,SIERRAS BLANCAS,29,6051.52,98.88193379514568,81.86670456348158
165242,SHELL ARGENTINA S.A.,SIERRAS BLANCAS,29,6090.46,64.98162700354324,81.73569812460799
165243,CHEVRON ARGENTINA S.R.L.,EL TRAPIAL ESTE,29,4400.99,62.559787684134704,61.05580789776845
165244,CHEVRON ARGENTINA S.R.L.,EL TRAPIAL ESTE,29,4344.32,30.06201200648202,46.12459487330584
165245,CHEVRON ARGENTINA S.R.L.,EL TRAPIAL ESTE,29,4402.16,50.939765933087386,58.65847674777835
165247,TECPETROL S.A.,CERRO LAS NIÑAS,29,4098.458,52.895162034111365,99.91154678174084
165252,TECPETROL S.A.,CERRO LAS NIÑAS,29,4598.716,59.43719942697049,99.92689544211906
165253,PLUSPETROL S.A.,LA CALERA,31,7116.648,89.50217855372361,86.17867569113999
165266,YPF S.A.,LA AMARGA CHICA,29,4499.12,99.20495563576878,85.21488646668682
165267,YPF S.A.,LA AMARGA CHICA,29,6245.99,74.99179473550231,87.51230789674655
165268,YPF S.A.,LA AMARGA CHICA,29,4365.64,48.81391960857974,89.96252554035605
165269,YPF S.A.,LA AMARGA CHICA,29,5946.51,33.80840190296494,79.75720212359855
165270,YPF S.A.,LA AMARGA CHICA,29,3522.83,75.42373603040737,44.92155454563519
165271,YPF S.A.,LA AMARGA CHICA,29,4092.89,90.32444067639247,79.76466506551606
165272,YPF S.A.,LA AMARGA CHICA,29,2301.82,98.17970127985681,87.51596562719935
165273,YPF S.A.,LA AMARGA CHICA,29,2700.53,66.92871399317912,90.43150788919212
165274,YPF S.A.,LA AMARGA CHICA,29,2880.52,97.10920250510324,78.23726271645397
165275,YPF S.A.,LOMA CAMPANA-LLL,29,7474.77,92.60672903647873,71.08191957745858
165276,YPF S.A.,LOMA CAMPANA-LLL,29,5084.27,48.043868637975564,69.91819867945644
165277,YPF S.A.,LOMA CAMPANA-LLL,29,7147.04,72.45069287425284,100.0
165278,YPF S.A.,LOMA CAMPANA-LLL,29,6133.52,50.581069271804765,86.36541496563149
165279,YPF S.A.,LOMA CAMPANA-LLL,29,7402.82,95.07836202960493,73.77391318443512
165294,VISTA ENERGY ARGENTINA SAU,BAJADA DEL PALO OESTE,28,10097.886,83.5392774289589,89.55753709241716
165295,VISTA ENERGY ARGENTINA SAU,BAJADA DEL PALO OESTE,28,5410.523,60.01179553252061,74.91153812672084
165296,VISTA ENERGY ARGENTINA SAU,BAJADA DEL PALO OESTE,28,7632.743,77.82668694596425,87.97041902236195
165298,VISTA ENERGY ARGENTINA SAU,BAJADA DEL PALO OESTE,28,4543.64,68.48689596887077,79.4394362229402
165305,PAN AMERICAN ENERGY SL,COIRON AMARGO SUR ESTE,29,5086.043,54.91101825132032,86.98417020854916
165315,PAN AMERICAN ENERGY SL,COIRON AMARGO SUR ESTE,29,4076.354,67.61520221256545,84.12708022904782
165321,PAN AMERICAN ENERGY SL,COIRON AMARGO SUR ESTE,29,4778.135,69.51739538543804,100.0
165324,SHELL ARGENTINA S.A.,SIERRAS BLANCAS,28,5932.23,66.66616095464943,91.14616257292789
165325,SHELL ARGENTINA S.A.,SIERRAS BLANCAS,28,7592.62,87.54408886524018,92.62112419691753
165326,SHELL ARGENTINA S.A.,SIERRAS BLANCAS,28,7035.54,92.1409017644701,94.16007868621314
165327,SHELL ARGENTINA S.A.,SIERRAS BLANCAS,28,7618.21,79.11648536861021,86.63872484481263
165330,TOTAL AUSTRAL S.A.,AGUADA PICHANA ESTE VACA MUERTA,28,612.1256,68.47114383061255,35.87588886986591
165331,TOTAL AUSTRAL S.A.,AGUADA PICHANA ESTE VACA MUERTA,28,729.5324,31.453942278643144,53.07490112844886
165332,TOTAL AUSTRAL S.A.,AGUADA PICHANA ESTE VACA MUERTA,28,435.4869,45.40327160242937,37.64214262243021
165339,TECPETROL S.A.,FORTIN DE PIEDRA,28,356.4743,40.31614621306502,85.91437026456045
165340,TECPETROL S.A.,FORTIN DE PIEDRA,28,344.8245,24.512121383486384,70.09287333121632
165341,TECPETROL S.A.,FORTIN DE PIEDRA,28,350.5939,42.96817485985923,93.07728400294472
165342,TECPETROL S.A.,FORTIN DE PIEDRA,28,327.8975,44.8316928308389,92.64171273035019
165347,YPF S.A.,BANDURRIA SUR,28,6473.33,91.48799767662085,90.71621561082164
165348,YPF S.A.,BANDURRIA SUR,28,5871.58,96.1718992162246,100.0
165349,YPF S.A.,BANDURRIA SUR,28,5898.98,67.06583172006007,96.00846247995416
165350,YPF S.A.,BANDURRIA SUR,28,9111.9,92.05390752751896,91.88105664021774
165351,YPF S.A.,BANDURRIA SUR,28,6976.32,74.18309366542819,98.2894993348929
165352,YPF S.A.,BANDURRIA SUR,28,7778.87,99.44593494942067,99.6787451133648
165353,YPF S.A.,BANDURRIA SUR,28,5801.25,54.17625511743158,78.56375781081664
165354,YPF S.A.,BANDURRIA SUR,28,5651.03,55.00253936008126,94.78307494385979
165355,YPF S.A.,BANDURRIA SUR,28,4219.37,57.241246916008784,72.20224820293078
165356,YPF S.A.,BANDURRIA SUR,28,3868.87,41.624557041203246,68.94778061811331
165357,YPF S.A.,BANDURRIA SUR,28,3975.57,46.032392839265825,87.6249191939772
165358,YPF S.A.,LOMA CAMPANA-LLL,28,5820.69,56.15004406694052,70.83163679907365
165359,YPF S.A.,LOMA CAMPANA-LLL,28,5747.7,72.20905753605791,85.83711745567793
165360,YPF S.A.,LOMA CAMPANA-LLL,28,5242.29,68.23105932712612,78.09373384532333
165361,YPF S.A.,LOMA CAMPANA-LLL,28,7842.57,61.92370613204601,95.66634406833474
165362,YPF S.A.,LOMA CAMPANA-LLL,28,7581.2,70.90196802617,92.77317575054082
165363,YPF S.A.,LOMA CAMPANA-LLL,28,8876.0,56.60950878774222,75.80340243352862
165373,PLUSPETROL S.A.,LA CALERA,31,8581.999,62.88192296456805,70.59431025335705
165374,VISTA ENERGY ARGENTINA SAU,AGUADA FEDERAL,28,6836.241,74.33234141394371,84.01716674412152
165375,VISTA ENERGY ARGENTINA SAU,AGUADA FEDERAL,28,6166.03,78.32347555882797,84.87316798653266
165376,VISTA ENERGY ARGENTINA SAU,AGUADA FEDERAL,28,8427.954,77.80222815644224,84.90772493537577
165402,PLUSPETROL S.A.,LA CALERA,31,7415.748,77.3018311841233,77.23435316302549
165403,PLUSPETROL S.A.,LOMA JARILLOSA ESTE,30,5886.272,67.32006268143911,76.77214032922706
165404,PLUSPETROL S.A.,LA CALERA,31,2612.273,65.63192285032997,72.4762304705519
165405,PLUSPETROL S.A.,LOMA JARILLOSA ESTE,30,3019.008,68.12992877130502,65.16309330747053
165407,TECPETROL S.A.,FORTIN DE PIEDRA,27,2276.928,65.53110594625741,95.36862825701998
165408,TECPETROL S.A.,FORTIN DE PIEDRA,27,4647.135,69.08663079510279,79.81757577518192
165409,TECPETROL S.A.,FORTIN DE PIEDRA,27,2118.542,35.78281667297604,34.12681929364629
165413,YPF S.A.,LOMA COLORADA,27,4873.4,78.18053104608693,77.12233758772109
165414,YPF S.A.,LOMA COLORADA,27,8469.53,88.01539164510899,88.08682418032642
165415,YPF S.A.,LOMA COLORADA,27,6327.35,82.74253834543688,82.40369190893502
165416,YPF S.A.,BAJO DEL TORO NORTE,27,4786.39,96.59889812572733,80.23165684367551
165417,YPF S.A.,BAJO DEL TORO NORTE,27,3197.76,94.84357800460323,84.50634193935755
165418,YPF S.A.,LA AMARGA CHICA,27,10262.87,79.53710804092813,78.40896357451668
165420,YPF S.A.,BANDURRIA SUR,27,8940.28,72.48799813876076,79.78228869789314
165421,YPF S.A.,BANDURRIA SUR,27,6571.97,56.54818874705758,68.25092019592299
165422,YPF S.A.,BANDURRIA SUR,27,8917.26,68.36808616099565,81.38508914173188
165423,YPF S.A.,BANDURRIA SUR,27,6084.33,54.80981472076629,83.32141747735577
165424,YPF S.A.,LOMA CAMPANA-LLL,27,4280.95,68.77095037316482,92.17697006505566
165425,YPF S.A.,LOMA CAMPANA-LLL,27,4199.83,65.28978553893849,75.02041749308901
165426,YPF S.A.,LOMA CAMPANA-LLL,27,5036.63,59.995076072691454,88.34716864252486
165427,YPF S.A.,LOMA CAMPANA-LLL,27,4234.87,71.33394885793425,90.49935417143855
165435,VISTA ENERGY ARGENTINA SAU,BAJADA DEL PALO OESTE,27,4921.926,59.34355778611868,67.40554408985426
165436,VISTA ENERGY ARGENTINA SAU,BAJADA DEL PALO OESTE,27,6809.368,73.37127322241948,82.85575107704562
165437,VISTA ENERGY ARGENTINA SAU,BAJADA DEL PALO OESTE,27,5291.492,74.12066388837025,79.86603778291644
165438,VISTA ENERGY ARGENTINA SAU,BAJADA DEL PALO OESTE,27,9279.709,76.20552541033345,84.05876736005408
165442,TECPETROL S.A.,FORTIN DE PIEDRA,27,3369.699,75.92515830048916,86.01663234609383
165443,PLUSPETROL S.A.,LA CALERA,28,2273.651,43.93594267545898,53.19118897315375
165444,PLUSPETROL S.A.,LA CALERA,28,6923.124,42.38091069869613,81.19363454995172
165462,EXXONMOBIL EXPLORATION ARGENTINA S.R.L.,AGUA DE AFUERA,27,3964.66,100.0,100.0
165463,EXXONMOBIL EXPLORATION ARGENTINA S.R.L.,AGUA DE AFUERA,27,1727.45,100.0,100.0
165464,PLUSPETROL S.A.,LOMA JARILLOSA ESTE,27,5390.222,81.31088107317287,100.0
165471,PLUSPETROL S.A.,LA CALERA,27,2705.298,45.198865337570936,55.579865877992
165472,PLUSPETROL S.A.,LA CALERA,27,8691.571,82.74126737272238,83.84058532111169
165481,KILWER S.A.,MATA MORA NORTE,26,4797.447,75.15072078961997,81.57130240313234
165482,KILWER S.A.,MATA MORA NORTE,26,11894.87,80.94056513438146,90.63249114954598
165483,KILWER S.A.,MATA MORA NORTE,26,5136.862,90.69180756656496,84.91182749312713
165484,KILWER S.A.,MATA MORA NORTE,26,8143.741,69.8132099240386,86.90081131018287
165485,YPF S.A.,LOMA COLORADA,26,3341.93,54.720775120963026,65.71621787410268
165488,YPF S.A.,LA AMARGA CHICA,26,4613.65,70.33325024655099,61.08915934238618
165489,YPF S.A.,LA AMARGA CHICA,26,3163.61,95.1340399101027,51.11944898391394
165490,YPF S.A.,LA AMARGA CHICA,26,4824.9,98.25136272254346,63.32462848970963
165492,YPF S.A.,LA AMARGA CHICA,26,4316.26,89.01456353417079,61.42864424293255
165493,YPF S.A.,LA AMARGA CHICA,26,5995.22,78.23482707890619,87.06586247043478
165494,YPF S.A.,LA AMARGA CHICA,26,7380.32,78.76067704381381,84.10001192360222
165495,YPF S.A.,LA AMARGA CHICA,26,6663.54,82.923040906185,94.23924820740928
165496,YPF S.A.,LA AMARGA CHICA,26,9543.09,85.65978105624069,74.50961900181179
165497,YPF S.A.,LA AMARGA CHICA,26,7107.35,80.56040577711805,88.32208910494066
165498,YPF S.A.,BANDURRIA SUR,26,358.52,100.0,100.0
165499,YPF S.A.,BANDURRIA SUR,26,2266.31,65.96670358424046,90.70868504308767
165500,YPF S.A.,BANDURRIA SUR,26,4207.35,43.91861860791235,82.97122892081714
165501,YPF S.A.,BANDURRIA SUR,26,5830.95,53.70359889897873,74.03013231120144
165502,YPF S.A.,BANDURRIA SUR,26,3541.31,100.0,100.0
165503,YPF S.A.,BANDURRIA SUR,26,6252.88,61.21131382658871,89.14452220416833
165505,YPF S.A.,LOMA CAMPANA-LLL,26,4731.43,62.946931477375756,92.39151799773008
165506,YPF S.A.,LOMA CAMPANA-LLL,26,2864.11,61.754960528750644,80.8956359916344
165507,YPF S.A.,LOMA CAMPANA-LLL,26,5783.89,75.1321342556653,83.2515832769987
165508,YPF S.A.,LOMA CAMPANA-LLL,26,4061.74,64.78725866254365,59.485589919591106
165509,YPF S.A.,LOMA CAMPANA-LLL,26,7098.17,66.20157026388492,82.77006608745634
165510,YPF S.A.,LOMA CAMPANA-LLL,26,5662.19,50.52409050208488,83.85712948523451
165511,YPF S.A.,LOMA CAMPANA-LLL,26,5646.19,42.23467506406975,62.83299003398752
165514,VISTA ENERGY ARGENTINA SAU,BAJADA DEL PALO OESTE,26,9461.29,76.11716795489833,83.65439596503225
165515,VISTA ENERGY ARGENTINA SAU,BAJADA DEL PALO OESTE,26,9225.066,80.70104864290401,85.70636784604034
165516,VISTA ENERGY ARGENTINA SAU,BAJADA DEL PALO OESTE,26,7950.771,79.27655066408025,84.50424493423341
165517,VISTA ENERGY ARGENTINA SAU,BAJADA DEL PALO OESTE,26,7786.618,69.1506376709375,99.99102306033248
165518,VISTA ENERGY ARGENTINA SAU,BAJADA DEL PALO OESTE,26,7966.762,71.61431457347413,83.52875358897379
165525,PAN AMERICAN ENERGY SL,LINDERO ATRAVESADO OCCIDENTAL,26,4885.425,64.69625467589822,58.05318882185275
165532,PAN AMERICAN ENERGY SL,LINDERO ATRAVESADO OCCIDENTAL,26,4696.316,65.86626623932462,48.69825625021825
165538,PLUSPETROL S.A.,LA CALERA,27,3368.552,61.89775309984824,74.41817730585724
165545,CHEVRON ARGENTINA S.R.L.,EL TRAPIAL ESTE,25,6641.08,56.64093791973595,56.64093791973595
165546,CHEVRON ARGENTINA S.R.L.,EL TRAPIAL ESTE,25,4581.49,74.09707322290346,74.09707322290346
165547,CHEVRON ARGENTINA S.R.L.,EL TRAPIAL ESTE,25,8510.25,50.43847125525102,49.11312828647807
165549,VISTA ENERGY ARGENTINA SAU,BAJADA DEL PALO ESTE,25,8508.665,71.9680231857759,80.80052511175373
165550,VISTA ENERGY ARGENTINA SAU,BAJADA DEL PALO ESTE,25,6730.99,82.35766209725463,87.19079957034552
165551,VISTA ENERGY ARGENTINA SAU,BAJADA DEL PALO ESTE,25,8788.506,72.21370731271048,80.21744537695031
165557,PAMPA ENERGIA S.A.,EL MANGRULLO,25,26.19024,100.0,100.0
165559,VISTA ENERGY ARGENTINA SAU,BAJADA DEL PALO OESTE,25,10527.234,62.14744537833965,84.4587666617841
165560,VISTA ENERGY ARGENTINA SAU,BAJADA DEL PALO OESTE,25,6252.72,59.99230734784222,77.32692332296985
165561,VISTA ENERGY ARGENTINA SAU,BAJADA DEL PALO OESTE,25,9878.354,66.69787294522953,74.56336349152906
165562,VISTA ENERGY ARGENTINA SAU,BAJADA DEL PALO OESTE,25,6671.652,59.411507075009304,80.69124408767124
165565,YPF S.A.,LOMA COLORADA,25,4104.75,59.97027833607407,77.19057189841038
165566,YPF S.A.,LOMA COLORADA,25,2812.06,42.01475075211767,60.26471696905471
165567,YPF S.A.,LOMA COLORADA,25,3417.7,57.89097931357345,72.208210199842
165568,YPF S.A.,LOMA COLORADA,25,2928.46,39.98552140032645,78.93534485702382
165569,YPF S.A.,BAJO DEL TORO NORTE,25,4614.42,80.97420694258433,90.32424443375332
165570,YPF S.A.,BAJO DEL TORO NORTE,25,4603.96,83.26028028045421,74.79647955238534
165571,YPF S.A.,LA AMARGA CHICA,25,3317.05,65.72315762499812,82.96468247388493
165572,YPF S.A.,LA AMARGA CHICA,25,6738.25,72.53426334730828,83.60316105813824
165573,YPF S.A.,LA AMARGA CHICA,25,3786.67,45.300224207549114,68.34712293387066
165574,YPF S.A.,LA AMARGA CHICA,25,5937.69,58.97343916573617,81.55157982312987
165575,YPF S.A.,LA AMARGA CHICA,25,5490.43,48.55867391078659,99.72971151622005
165576,YPF S.A.,LA AMARGA CHICA,25,3251.28,60.0369700548707,99.9769321621023
165577,YPF S.A.,LA AMARGA CHICA,25,7060.22,44.9393928234531,99.37735651296985
165578,YPF S.A.,LA AMARGA CHICA,25,4903.68,57.23150776559645,96.60581440877056
165579,YPF S.A.,BANDURRIA SUR,25,6690.75,75.35253895303218,87.06796696932332
165580,YPF S.A.,BANDURRIA SUR,25,5176.83,69.70771688465722,72.9927387996129
165581,YPF S.A.,BANDURRIA SUR,25,6976.49,70.58234154997713,80.33624358380791
165582,YPF S.A.,BANDURRIA SUR,25,6043.64,66.48145819406848,100.0
165583,YPF S.A.,BANDURRIA SUR,25,5227.72,63.946424062497606,66.56515651182542
165593,TOTAL AUSTRAL S.A.,AGUADA PICHANA ESTE VACA MUERTA,25,749.9216,47.96208030279432,60.40774128922277
165594,TOTAL AUSTRAL S.A.,AGUADA PICHANA ESTE VACA MUERTA,25,375.186,48.96320758237247,66.53086735645786
165595,TOTAL AUSTRAL S.A.,AGUADA PICHANA ESTE VACA MUERTA,25,794.0,42.170100755667505,66.49997481108312
165603,SHELL ARGENTINA S.A.,COIRON AMARGO SUR OESTE,24,5944.85,76.95585254463948,97.72862225287435
165604,SHELL ARGENTINA S.A.,COIRON AMARGO SUR OESTE,24,6200.14,84.50680145932189,80.8210782337173
165605,SHELL ARGENTINA S.A.,COIRON AMARGO SUR OESTE,24,5894.17,85.22743660260902,98.67275629986919
165606,SHELL ARGENTINA S.A.,COIRON AMARGO SUR OESTE,24,6619.25,81.37613777995996,87.94395135400536
165607,PAN AMERICAN ENERGY SL,COIRON AMARGO SUR ESTE,25,7250.431,46.36049912067296,80.54184640885487
165609,PAN AMERICAN ENERGY SL,COIRON AMARGO SUR ESTE,25,7113.25,42.664534495483785,62.08821565388536
165631,PLUSPETROL S.A.,LA CALERA,26,4784.137,74.3625861884808,74.24580441571803
165634,PLUSPETROL S.A.,LA CALERA,26,5079.131,71.11828775434223,73.39186565575883
165635,PAN AMERICAN ENERGY SL,LINDERO ATRAVESADO OCCIDENTAL,24,5294.077,73.55335028183383,78.41092979947213
165638,PAN AMERICAN ENERGY SL,LINDERO ATRAVESADO OCCIDENTAL,24,4199.538,73.87617399818743,83.08984940724432
165644,PAN AMERICAN ENERGY SL,LINDERO ATRAVESADO OCCIDENTAL,24,3943.727,67.49442849365587,77.07210717171853
165653,PAN AMERICAN ENERGY SL,LINDERO ATRAVESADO OCCIDENTAL,24,4402.982,80.94555689757532,73.1171964818389
165660,VISTA ENERGY ARGENTINA SAU,BAJADA DEL PALO OESTE,24,8594.387,81.56261755492277,88.48017898193321
165661,VISTA ENERGY ARGENTINA SAU,BAJADA DEL PALO OESTE,24,8733.277,73.12571214676919,85.37267282372929
165662,VISTA ENERGY ARGENTINA SAU,BAJADA DEL PALO OESTE,24,7386.933,82.49385773500315,89.86601069753848
165665,YPF S.A.,LA AMARGA CHICA,24,3640.65,60.82485270487413,66.611182069136
165666,YPF S.A.,LA AMARGA CHICA,24,7858.08,59.437674342842016,71.6873587441207
165667,YPF S.A.,LA AMARGA CHICA,24,3427.78,65.35804514875517,86.14350979351066
165668,YPF S.A.,LA AMARGA CHICA,24,6006.11,77.66274676953968,90.98717805701195
165669,YPF S.A.,BANDURRIA SUR,24,5385.62,42.73732643595353,99.81710555144997
165670,YPF S.A.,BANDURRIA SUR,24,5999.5,70.79739978331527,71.54079506625553
165671,YPF S.A.,BANDURRIA SUR,24,7131.1,71.00152851593724,97.6960076285566
165672,YPF S.A.,BANDURRIA SUR,24,4552.74,54.58295444062258,99.35906728695247
165673,YPF S.A.,LOMA CAMPANA-LLL,24,5938.25,13.944680671915123,66.9476697680293
165675,YPF S.A.,LOMA CAMPANA-LLL,24,6460.09,18.60144363313824,61.90084039076855
165677,YPF S.A.,LOMA CAMPANA-LLL,24,4635.46,39.24637468557597,67.11372765593921
165679,YPF S.A.,LOMA CAMPANA-LLL,24,5218.62,46.37471208863646,54.96568058222289
165680,YPF S.A.,LOMA CAMPANA-LLL,24,3277.22,57.952166775498746,69.1366463038795
165681,YPF S.A.,LOMA CAMPANA-LLL,24,4500.63,51.7900827217523,64.38854115979318
165682,YPF S.A.,LOMA CAMPANA-LLL,24,3647.98,48.75054139551204,45.142517228712876
165683,YPF S.A.,LOMA CAMPANA-LLL,24,4343.91,47.32740779620204,49.0346254871763
165684,YPF S.A.,LOMA CAMPANA-LLL,24,2456.36,50.501962253089935,66.09861746649514
165685,YPF S.A.,LA ANGOSTURA SUR I,24,5158.61,54.93766731735874,75.13496852834388
165686,YPF S.A.,LA ANGOSTURA SUR I,24,4250.59,63.785027490301346,93.63406021281752
165687,YPF S.A.,LA ANGOSTURA SUR I,24,3255.86,83.4415484695288,83.11874589202239
165688,YPF S.A.,LA ANGOSTURA SUR I,24,3657.42,54.86299085147455,75.50677800197954
165692,PLUSPETROL S.A.,LA CALERA,25,3489.604,70.4503147061959,70.42759006466063
165694,PLUSPETROL S.A.,LA CALERA,25,2387.304,57.42046258038356,60.04622787881225
165695,PLUSPETROL S.A.,LA CALERA,25,3412.937,60.728926434915145,61.20092459954578
165696,PLUSPETROL S.A.,LA CALERA,25,3317.395,57.73186491207709,59.56372394604803
165699,VISTA ENERGY ARGENTINA SAU,BAJADA DEL PALO OESTE,23,2496.071,90.49902827283358,82.31785073421389
165700,VISTA ENERGY ARGENTINA SAU,BAJADA DEL PALO OESTE,23,7050.483,55.705289978005766,57.67315515830618
165701,VISTA ENERGY ARGENTINA SAU,BAJADA DEL PALO OESTE,23,9495.574,60.937969626691334,70.8718925259284
165714,YPF S.A.,EL OREJANO,23,217.19,70.83659468667986,100.0
165715,YPF S.A.,LA AMARGA CHICA,23,4091.31,67.56222334655648,84.24049998655687
165716,YPF S.A.,LA AMARGA CHICA,23,3039.04,27.36949826260925,53.10229546172476
165717,YPF S.A.,LA AMARGA CHICA,23,5248.2,68.56579398650966,75.95023055523798
165718,YPF S.A.,LA AMARGA CHICA,23,4055.84,43.24233697581759,55.218154562310154
165719,YPF S.A.,LA AMARGA CHICA,23,6182.68,71.5248080120595,64.40621219277077
165720,YPF S.A.,LA AMARGA CHICA,23,4582.37,38.2489846956924,56.04654360080046
165721,YPF S.A.,LA AMARGA CHICA,23,5251.63,56.776277079687645,63.442778718226535
165722,YPF S.A.,LOMA CAMPANA-LLL,23,2339.74,76.01613854530845,76.01613854530845
165723,YPF S.A.,LOMA CAMPANA-LLL,23,2615.78,100.0,100.0
165724,YPF S.A.,LOMA CAMPANA-LLL,23,3130.54,44.31344113156197,44.31344113156197
165725,YPF S.A.,LOMA CAMPANA-LLL,23,5185.39,37.54143854174904,44.62364450889904
165726,YPF S.A.,LOMA CAMPANA-LLL,23,2778.55,56.170304655305834,77.43391337208256
165727,YPF S.A.,LOMA CAMPANA-LLL,23,3973.23,32.48742207221833,79.94402538992205
165728,YPF S.A.,LA ANGOSTURA SUR I,23,6095.43,71.50504558333046,58.49611922374631
165729,YPF S.A.,LA ANGOSTURA SUR I,23,6502.55,78.31696795872388,69.18562717703055
165730,YPF S.A.,LA ANGOSTURA SUR I,23,7165.59,65.83198313048891,89.91904365167417
165731,YPF S.A.,LA ANGOSTURA SUR I,23,6318.13,87.31365134937079,59.780029850604535
165739,SHELL ARGENTINA S.A.,SIERRAS BLANCAS,23,2122.4,47.7525442894836,64.1952506596306
165740,SHELL ARGENTINA S.A.,SIERRAS BLANCAS,23,6361.88,76.23941350669928,82.20400259042924
165741,SHELL ARGENTINA S.A.,SIERRAS BLANCAS,23,6335.77,76.17479801192279,83.36966146182705
165742,SHELL ARGENTINA S.A.,SIERRAS BLANCAS,23,6250.45,75.02083849962803,82.04657264676943
165767,PAN AMERICAN ENERGY SL,LINDERO ATRAVESADO OCCIDENTAL,24,3737.376,72.01959342597588,68.36167942428058
165768,PAN AMERICAN ENERGY SL,LINDERO ATRAVESADO OCCIDENTAL,24,3971.609,85.71740319855252,83.80333260398997
165775,VISTA ENERGY ARGENTINA SAU,BAJADA DEL PALO ESTE,22,1411.077,56.47508959468548,59.00911148009641
165776,VISTA ENERGY ARGENTINA SAU,BAJADA DEL PALO ESTE,22,808.489,68.67663010875845,72.12788300150032
165777,VISTA ENERGY ARGENTINA SAU,BAJADA DEL PALO ESTE,22,8103.197,66.7455326582829,72.82918087762151
165780,YPF S.A.,LOMA COLORADA,22,3876.23,47.1256865562673,42.05349011797546
165781,YPF S.A.,LOMA COLORADA,22,3482.64,57.28757494314658,43.91151540210875
165782,YPF S.A.,LOMA COLORADA,22,2988.99,57.79477348535793,63.5903766824245
165784,YPF S.A.,BANDURRIA SUR,22,4242.76,61.94222628666246,67.70616296938785
165785,YPF S.A.,BANDURRIA SUR,22,6561.87,76.62846109416981,67.44845600415735
165786,YPF S.A.,BANDURRIA SUR,22,5198.58,78.71418733577246,85.33137895348345
165787,YPF S.A.,BANDURRIA SUR,22,7007.17,99.49936993108489,69.04042573535394
165788,YPF S.A.,BANDURRIA SUR,22,5150.52,78.77146385219356,66.61871034380995
165789,YPF S.A.,BANDURRIA SUR,22,7315.95,90.85627977227838,50.142496873270034
165790,YPF S.A.,BANDURRIA SUR,22,5937.85,69.44618001465177,86.8587114864808
165791,YPF S.A.,BANDURRIA SUR,22,3969.19,52.094004066320835,96.81446340437218
165792,YPF S.A.,BANDURRIA SUR,22,5888.31,71.47296932396563,93.42833512501889
165793,YPF S.A.,BANDURRIA SUR,22,3835.85,54.41688282909916,81.93021103536374
165794,YPF S.A.,BANDURRIA SUR,22,6323.9,55.61425702493714,98.22467148436883
165795,YPF S.A.,BANDURRIA SUR,22,2892.38,98.53615361743616,95.74433511502637
165800,VISTA ENERGY ARGENTINA SAU,BAJADA DEL PALO ESTE,22,6508.113,65.67694814149662,78.21127260697533
165801,VISTA ENERGY ARGENTINA SAU,BAJADA DEL PALO ESTE,22,7525.795,77.67528879008796,84.11621629342814
165802,VISTA ENERGY ARGENTINA SAU,BAJADA DEL PALO ESTE,22,6564.712,69.9827958941687,76.28605794130802
165803,VISTA ENERGY ARGENTINA SAU,BAJADA DEL PALO ESTE,22,10138.908,66.05765630776017,74.18051332549818
165824,TOTAL AUSTRAL S.A.,LA ESCALONADA,21,12072.136411,39.79723428756407,98.50250201086797
165825,TOTAL AUSTRAL S.A.,LA ESCALONADA,21,16265.88642,58.578156603161624,98.99642727248306
165829,TECPETROL S.A.,FORTIN DE PIEDRA,21,1083.181,63.677658673850445,66.02109896683935
165830,TECPETROL S.A.,FORTIN DE PIEDRA,21,1380.449,70.79190176529521,75.39643985398953
165831,TECPETROL S.A.,FORTIN DE PIEDRA,21,880.4319,47.95914368845563,56.944495082470326
165832,TECPETROL S.A.,FORTIN DE PIEDRA,21,686.401,39.304429917788575,37.03147285624583
166124,YPF S.A.,LOMA COLORADA,21,5451.09,93.95386977650342,88.02624796141689
166125,YPF S.A.,LOMA COLORADA,21,6913.73,96.79261411712635,100.0
166126,YPF S.A.,LOMA COLORADA,22,5904.21,73.32682949962823,66.41819989465144
166127,YPF S.A.,LOMA COLORADA,22,6657.79,73.35977854513285,59.86956632756515
166129,YPF S.A.,BANDURRIA SUR,21,5534.82,98.77033038111446,79.41161591524205
166130,YPF S.A.,BANDURRIA SUR,21,4935.0,67.07821681864235,78.43829787234043
166131,YPF S.A.,BANDURRIA SUR,21,4686.45,72.1251693712725,77.02674732473407
166132,YPF S.A.,BANDURRIA SUR,21,6002.21,75.09150796123429,73.27367752877689
166133,YPF S.A.,LAS TACANAS II,22,1548.07,100.0,44.71826209409136
166134,YPF S.A.,LAS TACANAS II,22,1295.93,100.0,100.0
166149,PETROLERA EL TREBOL S.A.,CONFLUENCIA NORTE,23,9640.199,65.50591953547847,77.32126691575559
166150,PETROLERA EL TREBOL S.A.,CONFLUENCIA NORTE,23,7774.114,72.29555676698335,75.15112333058147
166151,PETROLERA EL TREBOL S.A.,CONFLUENCIA NORTE,23,6314.842,53.407607031181456,48.454719848889326
166152,VISTA ENERGY ARGENTINA SAU,BAJADA DEL PALO ESTE,20,8159.525,79.55969250661038,71.33265723188543
166153,VISTA ENERGY ARGENTINA SAU,BAJADA DEL PALO ESTE,20,6144.961,73.5999951830451,78.21686744635157
166156,PAN AMERICAN ENERGY SL,COIRON AMARGO SUR ESTE,21,6527.095,66.97380687733211,54.341234500187305
166158,PAN AMERICAN ENERGY SL,COIRON AMARGO SUR ESTE,21,6244.892,83.00111515139092,70.5867931743255
166162,PAN AMERICAN ENERGY SL,COIRON AMARGO SUR ESTE,21,6147.737,73.78918454058785,59.54501632063962
166165,PLUSPETROL S.A.,LA CALERA,20,890.529,85.66593564050132,85.66593564050132
166168,PLUSPETROL S.A.,LA CALERA,20,9363.88,82.4027539865953,82.4027539865953
166169,PLUSPETROL S.A.,LA CALERA,20,974.079,80.02472078753367,80.02472078753367
166170,TECPETROL S.A.,PUESTO PARADA NC,20,5380.069,59.15435285309538,56.958135667033275
166171,TECPETROL S.A.,PUESTO PARADA NC,20,6461.887,80.25903269431979,80.3158117744863
166172,TECPETROL S.A.,PUESTO PARADA NC,20,2403.412,43.3952647319727,46.701730706179376
166173,TECPETROL S.A.,PUESTO PARADA NC,20,5897.522,76.43355972220198,75.82014954755574
166179,PLUSPETROL S.A.,LA CALERA,20,629.86,82.82332581843585,82.82332581843585
166180,PLUSPETROL S.A.,LA CALERA,20,9029.425,85.58615858706395,85.58615858706395
166183,YPF S.A.,LOMA COLORADA,20,3493.22,58.48872959618918,62.390860008817086
166184,YPF S.A.,LOMA COLORADA,20,5385.27,70.39684175538088,74.61037236758789
166185,YPF S.A.,LOMA COLORADA,20,4200.8,83.55122833745953,78.36864406779661
166186,YPF S.A.,LOMA COLORADA,20,2955.71,70.79686437438045,75.9005450467062
166190,YPF S.A.,LA ANGOSTURA SUR I,20,6218.46,61.08505964499249,52.48646771065505
166191,YPF S.A.,LA ANGOSTURA SUR I,20,6591.26,100.0,94.73727329827682
166192,YPF S.A.,LA ANGOSTURA SUR I,20,5760.8,86.46767810026385,92.86540063880017
166193,YPF S.A.,LA ANGOSTURA SUR I,20,4295.01,63.27459074600525,50.40803164602643
166194,YPF S.A.,LA ANGOSTURA SUR I,20,7692.87,86.46434945605476,86.68286348267942
166195,YPF S.A.,LA ANGOSTURA SUR I,20,6776.89,95.5553358546472,82.02257967887925
166196,YPF S.A.,LA ANGOSTURA SUR I,20,4788.3,38.85512603638034,51.02938412380177
166197,YPF S.A.,LA ANGOSTURA SUR I,20,7191.05,90.10728614041065,81.9713393732487
166198,YPF S.A.,LA ANGOSTURA SUR I,20,6900.61,70.99763644083639,83.3377049275354
166199,YPF S.A.,LA ANGOSTURA SUR I,20,7347.13,55.995198124982124,49.20969140330986
166201,YPF S.A.,LOMA CAMPANA,20,6951.87,52.36993787283134,58.39277777058547
166202,YPF S.A.,LOMA CAMPANA,20,8671.46,57.560664524774374,61.4654279671474
166203,YPF S.A.,LOMA CAMPANA,20,8971.24,46.82307016644298,61.14294122105751
166204,YPF S.A.,LOMA CAMPANA,20,6332.79,58.91021177079928,54.28097252553772
166205,YPF S.A.,LOMA CAMPANA,20,9160.07,67.06313379701247,67.10745660240588
166206,YPF S.A.,LOMA CAMPANA,20,7130.33,65.84674201614793,67.83823469600986
166209,PAN AMERICAN ENERGY SL,AGUADA CÁNEPA,20,4838.73,65.29341376766217,71.45660121560823
166210,PAN AMERICAN ENERGY SL,AGUADA CÁNEPA,20,5176.172,56.13041838640602,60.84055939408505
166211,PAN AMERICAN ENERGY SL,AGUADA CÁNEPA,20,6319.696,57.133286158068366,57.133286158068366
166214,KILWER S.A.,MATA MORA NORTE,20,6405.271,76.41634522567429,91.74236031543396
166215,KILWER S.A.,MATA MORA NORTE,20,6906.42,77.32522783149591,97.93850649106194
166216,KILWER S.A.,MATA MORA NORTE,20,8713.348,79.00953800995897,97.72231408638791
166217,VISTA ENERGY ARGENTINA SAU,BAJADA DEL PALO OESTE,19,4889.488,97.07912157673769,78.26140487511168
166218,VISTA ENERGY ARGENTINA SAU,BAJADA DEL PALO OESTE,19,4929.679,67.09763455186433,75.87177582962299
166219,VISTA ENERGY ARGENTINA SAU,BAJADA DEL PALO OESTE,19,3692.322,96.15688989205167,94.25673058850231
166220,VISTA ENERGY ARGENTINA SAU,BAJADA DEL PALO OESTE,19,4028.859,57.684545425888565,96.91950003710727
166221,PLUSPETROL S.A.,LA CALERA,19,10160.47,85.23343900429803,85.23343900429803
166222,VISTA ENERGY ARGENTINA SAU,BAJADA DEL PALO OESTE,19,7230.077,82.8564896335129,84.010405421685
166223,VISTA ENERGY ARGENTINA SAU,BAJADA DEL PALO OESTE,19,4280.631,74.2519502381775,75.45667916716016
166224,VISTA ENERGY ARGENTINA SAU,BAJADA DEL PALO OESTE,19,6989.822,77.73351023817202,81.19120916097721
166225,VISTA ENERGY ARGENTINA SAU,BAJADA DEL PALO OESTE,19,4686.856,78.37042571822134,81.03652000402828
166230,CHEVRON ARGENTINA S.R.L.,EL TRAPIAL ESTE,19,5773.96,72.42412486404478,73.71647881176871
166231,CHEVRON ARGENTINA S.R.L.,EL TRAPIAL ESTE,19,6040.3,58.6830124331573,82.90151151432876
166232,CHEVRON ARGENTINA S.R.L.,EL TRAPIAL ESTE,19,6305.14,76.77482181204542,84.29376667290497
166233,CHEVRON ARGENTINA S.R.L.,EL TRAPIAL ESTE,19,8449.39,59.091248007252595,59.091248007252595
166242,YPF S.A.,LA AMARGA CHICA,19,2940.92,72.19475538266937,85.99247854412904
166243,YPF S.A.,LA AMARGA CHICA,19,1719.66,88.80767128385844,68.99677843294604
166244,YPF S.A.,LA AMARGA CHICA,19,3483.05,75.31847088040654,78.42810180732404
166246,YPF S.A.,LA AMARGA CHICA,19,2725.32,29.423700703036715,61.88154051634305
166247,YPF S.A.,LA AMARGA CHICA,19,2372.72,21.793974847432484,51.55349135169762
166248,YPF S.A.,BANDURRIA SUR,19,5869.53,71.3954950396369,75.75001746306775
166249,YPF S.A.,BANDURRIA SUR,19,5716.2,65.10426507120116,72.13306042475772
166250,YPF S.A.,BANDURRIA SUR,19,2774.51,57.82967082475825,71.86061682963839
166251,YPF S.A.,BANDURRIA SUR,19,5308.08,67.02027851878644,84.94691112417297
166252,YPF S.A.,LOMA CAMPANA-LLL,19,7237.78,73.10901961651224,76.29604657781806
166253,YPF S.A.,LOMA CAMPANA-LLL,19,7488.41,76.74593137929146,78.57836309710606
166254,YPF S.A.,LOMA CAMPANA-LLL,19,6076.21,69.61905529927373,70.4124775147666
166255,YPF S.A.,LOMA CAMPANA-LLL,19,1959.61,84.24890667020478,88.85339429784497
166256,YPF S.A.,LA ANGOSTURA SUR I,19,5077.77,72.22442135031717,80.73603176197426
166257,TECPETROL S.A.,PUESTO PARADA NC,19,7703.201,74.76077801942336,58.71120330366557
166258,TECPETROL S.A.,FORTIN DE PIEDRA,19,1092.022,65.23045323262717,72.47397946195223
166263,TECPETROL S.A.,FORTIN DE PIEDRA,19,1483.971,68.2955462067655,69.64050510421026
166264,TECPETROL S.A.,FORTIN DE PIEDRA,19,1346.767,92.5072636914923,74.57494874763044
166265,TECPETROL S.A.,FORTIN DE PIEDRA,19,1213.369,81.9509563867216,78.95158026948108
166266,TECPETROL S.A.,PUESTO PARADA NC,19,620.0114,82.80459036720937,90.56538315263235
166267,TECPETROL S.A.,PUESTO PARADA NC,19,4095.533,80.15833836523842,86.91477519531645
166268,TECPETROL S.A.,PUESTO PARADA NC,19,1249.234,88.00231181668126,94.01588573477827
166271,TOTAL AUSTRAL S.A.,AGUADA PICHANA ESTE VACA MUERTA,19,536.1898,34.86358748338741,34.86358748338741
166272,TOTAL AUSTRAL S.A.,AGUADA PICHANA ESTE VACA MUERTA,19,486.8214,56.304016216213995,56.304016216213995
166273,PAN AMERICAN ENERGY SL,AGUADA CÁNEPA,19,3338.364,69.5253723081126,65.79084845151696
166284,PAN AMERICAN ENERGY SL,AGUADA CÁNEPA,19,4088.602,57.741374680147395,46.1653885606865
166288,PAN AMERICAN ENERGY SL,AGUADA CÁNEPA,19,4054.414,76.84013275407989,71.41762040087667
166299,TECPETROL S.A.,FORTIN DE PIEDRA,18,1764.094,71.99748426104277,70.6263838548286
166300,TECPETROL S.A.,FORTIN DE PIEDRA,18,1894.542,83.96834696723535,84.2461872051398
166301,TECPETROL S.A.,FORTIN DE PIEDRA,18,1369.211,59.551413186134205,78.25763158490547
166302,TECPETROL S.A.,FORTIN DE PIEDRA,18,1625.382,67.11851121767067,72.55050197430512
166303,PAMPA ENERGIA S.A.,RINCON DE ARANDA,18,7358.151,90.37179720829323,90.63237489961813
166304,PAMPA ENERGIA S.A.,RINCON DE ARANDA,18,7316.62,59.554261393922324,85.10060656423322
166305,PAMPA ENERGIA S.A.,RINCON DE ARANDA,18,8054.636,74.16290444409903,87.56072900128572
166306,PAMPA ENERGIA S.A.,RINCON DE ARANDA,18,6149.723,62.94301385607124,64.1037815849592
166314,YPF S.A.,LA AMARGA CHICA,18,5005.14,75.1475483203267,97.4450265127449
166315,YPF S.A.,LA AMARGA CHICA,18,7766.27,59.68283358677976,68.0978127209072
166316,YPF S.A.,LA AMARGA CHICA,18,5692.43,76.31029279235757,54.498342535613084
166317,YPF S.A.,LA AMARGA CHICA,18,7822.99,43.61056322454713,52.51150774831618
166319,YPF S.A.,BANDURRIA SUR,18,3777.89,27.765498730772997,38.27109841737053
166320,YPF S.A.,BANDURRIA SUR,18,6396.76,71.75523233637028,73.32837248857234
166321,YPF S.A.,BANDURRIA SUR,18,3697.15,56.47728655856539,67.25369541403514
166322,YPF S.A.,BANDURRIA SUR,18,6504.41,80.52905644016906,88.86540055131826
166323,YPF S.A.,BANDURRIA SUR,18,3968.81,54.7466369012374,63.00326798209035
166324,YPF S.A.,BANDURRIA SUR,18,6906.36,74.05695619689678,75.372265563915
166325,YPF S.A.,LOMA CAMPANA-LLL,18,3990.83,100.0,100.0
166326,YPF S.A.,LOMA CAMPANA-LLL,18,2814.35,57.488585286122905,36.531348268694366
166328,VISTA ENERGY ARGENTINA SAU,BAJADA DEL PALO OESTE,18,6029.696,78.2471952151485,78.82344317192774
166329,VISTA ENERGY ARGENTINA SAU,BAJADA DEL PALO OESTE,18,5913.164,67.48224808241407,72.48638799803287
166330,VISTA ENERGY ARGENTINA SAU,BAJADA DEL PALO OESTE,18,6822.926,76.38193643020604,76.65117575655958
166331,VISTA ENERGY ARGENTINA SAU,BAJADA DEL PALO OESTE,18,7912.719,69.4802507203908,73.14858520819455
166336,OILSTONE ENERGIA S.A.,LA ESPERANZA,18,35.26152,60.093070293055995,48.63083043498976
166337,OILSTONE ENERGIA S.A.,CHALLACO,18,18.66717,100.0,100.0
166381,TOTAL AUSTRAL S.A.,AGUADA PICHANA ESTE VACA MUERTA,17,679.8695,52.79797078704076,52.79797078704076
166382,TOTAL AUSTRAL S.A.,AGUADA PICHANA ESTE VACA MUERTA,17,650.0338,58.30582963532049,58.30582963532049
166383,TOTAL AUSTRAL S.A.,AGUADA PICHANA ESTE VACA MUERTA,17,660.1413,55.713541934128344,55.713541934128344
166384,VISTA ENERGY ARGENTINA SAU,BAJADA DEL PALO ESTE,17,8082.479,62.32052072142717,63.84560974423812
166385,VISTA ENERGY ARGENTINA SAU,BAJADA DEL PALO ESTE,17,5403.15,62.34583529977883,65.44352831218826
166386,VISTA ENERGY ARGENTINA SAU,BAJADA DEL PALO ESTE,17,4404.803,70.19519374646266,74.01111922599036
166387,VISTA ENERGY ARGENTINA SAU,BAJADA DEL PALO ESTE,17,5920.122,61.86200216819857,63.558774633360606
166393,TECPETROL S.A.,FORTIN DE PIEDRA,17,2777.714,60.81742036797164,65.03078070672503
166394,TECPETROL S.A.,FORTIN DE PIEDRA,17,2662.076,74.66203068582564,73.34982547455444
166395,TECPETROL S.A.,FORTIN DE PIEDRA,17,3597.144,78.51037656540856,81.19774187522101
166396,TECPETROL S.A.,FORTIN DE PIEDRA,17,2701.374,57.56233679601566,69.43256283654169
166436,YPF S.A.,LOMA COLORADA,17,6304.06,72.34686852599754,73.89650479214981
166437,YPF S.A.,LOMA COLORADA,17,3099.05,87.56328552298285,89.03534954260176
166438,YPF S.A.,LOMA COLORADA,17,3118.85,26.714654439937803,29.116501274508234
166439,YPF S.A.,LOMA COLORADA,17,2854.17,86.01134480426884,74.52499325548233
166440,YPF S.A.,LOMA COLORADA,17,4441.09,42.76675320698297,42.76675320698297
166441,YPF S.A.,LOMA COLORADA,17,2702.07,77.93321416543613,64.37027908233317
166442,YPF S.A.,LA AMARGA CHICA,17,3866.05,60.773657867849614,60.773657867849614
166443,YPF S.A.,LA AMARGA CHICA,17,2919.22,59.46691239440673,73.03560540144285
166445,YPF S.A.,LA AMARGA CHICA,17,3793.5,62.42968235139054,62.42968235139054
166446,YPF S.A.,LA AMARGA CHICA,17,3314.35,69.97299621343551,79.10661215622973
166447,YPF S.A.,LA AMARGA CHICA,17,2214.88,67.08625297984541,73.41842447446363
166448,YPF S.A.,LA AMARGA CHICA,17,6898.39,69.82237884491889,59.70219138088743
166449,YPF S.A.,LA AMARGA CHICA,17,11395.46,53.65891328651937,59.22341002469405
166450,YPF S.A.,LA AMARGA CHICA,17,6913.71,73.7332054714473,76.83255444616566
166451,YPF S.A.,LA AMARGA CHICA,17,11942.74,70.34633593296012,85.00461368161744
166452,YPF S.A.,LA AMARGA CHICA,17,4833.11,65.950702549704,70.65988566368239
166455,YPF S.A.,LA AMARGA CHICA,17,7025.42,81.64422909947021,73.30864204560012
166457,YPF S.A.,LA ANGOSTURA SUR I,17,4910.87,69.8766206395201,69.54490752147787
166458,YPF S.A.,LA ANGOSTURA SUR I,17,6361.32,50.015248407563206,40.86038746675218
166459,YPF S.A.,LA ANGOSTURA SUR I,17,5445.59,96.05423838371966,87.13509463621023
166460,YPF S.A.,LA ANGOSTURA SUR I,17,7377.0,67.79869865799107,80.00325335502237
166461,YPF S.A.,LA ANGOSTURA SUR I,17,5657.04,61.31209961393237,57.655593738067964
166462,YPF S.A.,LA ANGOSTURA SUR I,17,6395.48,61.707330802379175,63.92968158762125
166497,VISTA ENERGY ARGENTINA SAU,BAJADA DEL PALO OESTE,16,5581.443,63.133870577913285,63.133870577913285
166498,VISTA ENERGY ARGENTINA SAU,BAJADA DEL PALO OESTE,16,6448.888,66.19908734653168,66.53612219657094
166499,VISTA ENERGY ARGENTINA SAU,BAJADA DEL PALO OESTE,16,6877.092,63.84212978392612,63.84212978392612
166500,VISTA ENERGY ARGENTINA SAU,BAJADA DEL PALO OESTE,16,7944.027,59.86346723141802,59.86346723141802
166501,PAMPA ENERGIA S.A.,RINCON DE ARANDA,16,4256.074,80.48050856258608,81.83095970605774
166502,PAMPA ENERGIA S.A.,RINCON DE ARANDA,16,5310.378,71.69320150091009,72.12445140440096
166503,PAMPA ENERGIA S.A.,RINCON DE ARANDA,16,4537.595,82.1385667958467,82.284196804695
166522,KILWER S.A.,MATA MORA NORTE,16,8834.231,82.47027952970666,84.09758585665237
166523,KILWER S.A.,MATA MORA NORTE,16,6043.327,74.19497571453604,74.19497571453604
166524,KILWER S.A.,MATA MORA NORTE,16,7897.315,79.73135173156952,79.39937814307774
166525,KILWER S.A.,MATA MORA NORTE,16,6520.925,75.33118384278305,75.33118384278305
166531,PAN AMERICAN ENERGY SL,LINDERO ATRAVESADO OCCIDENTAL,16,6894.457,66.82237629446381,66.82237629446381
166534,PAN AMERICAN ENERGY SL,LINDERO ATRAVESADO OCCIDENTAL,16,6768.967,92.71188203458519,92.71188203458519
166538,CAPEX S.A.,AGUA DEL CAJON,16,3652.34,70.92603645881819,69.96199696632843
166539,CAPEX S.A.,AGUA DEL CAJON,16,3473.17,81.28482049539758,79.02751664905547
166540,CAPEX S.A.,AGUA DEL CAJON,16,3197.52,72.25068177837825,71.71651780129599
166541,CAPEX S.A.,AGUA DEL CAJON,16,3459.38,68.36745312743902,69.3109747989524
166545,YPF S.A.,RIO NEUQUEN,16,2828.9,59.955459719325546,59.9763158824985
166546,YPF S.A.,RIO NEUQUEN,16,3457.6,49.01550208236928,51.948750578435906
166549,YPF S.A.,LA AMARGA CHICA,16,4269.25,32.27030508871581,32.27030508871581
166550,YPF S.A.,LA AMARGA CHICA,16,5808.68,63.282363635111594,100.0
166551,YPF S.A.,LA AMARGA CHICA,16,3987.61,35.90095320254488,35.90095320254488
166552,YPF S.A.,LA AMARGA CHICA,16,6567.71,82.61174747362475,83.2608321621996
166553,YPF S.A.,LA AMARGA CHICA,16,3245.21,65.94858268031962,65.28822479901146
166555,YPF S.A.,LA AMARGA CHICA,16,4668.46,77.34606272732336,71.21277680434233
166556,YPF S.A.,LA AMARGA CHICA,16,5951.52,76.4819743527704,81.2915020028497
166557,YPF S.A.,LA AMARGA CHICA,16,4467.16,78.71242579177822,78.87046803785852
166558,YPF S.A.,LA AMARGA CHICA,16,5911.94,67.05734496628857,62.224751942678715
166560,YPF S.A.,BANDURRIA SUR,16,6619.72,59.4957188521569,59.4957188521569
166561,YPF S.A.,BANDURRIA SUR,16,5843.62,65.76283194321329,65.76283194321329
166562,YPF S.A.,BANDURRIA SUR,16,10323.85,70.75984250061751,71.00345316911812
166563,YPF S.A.,BANDURRIA SUR,16,6105.66,53.83136303036854,55.905176508354536
166564,YPF S.A.,BANDURRIA SUR,16,9922.89,69.15334141565612,72.41368190113968
166565,YPF S.A.,BANDURRIA SUR,16,5512.67,68.22556039088137,68.22556039088137
166567,YPF S.A.,BANDURRIA SUR,16,5514.75,89.55854753161975,89.55854753161975
166568,YPF S.A.,BANDURRIA SUR,16,5515.9,57.604923947134644,57.604923947134644
166569,YPF S.A.,LOMA CAMPANA-LLL,16,8878.03,73.73809279761389,66.04922488434934
166570,YPF S.A.,LOMA CAMPANA-LLL,16,8667.84,66.50688060693322,56.30964577103408
166578,SHELL ARGENTINA S.A.,COIRON AMARGO SUR OESTE,16,6672.39,83.73686190405537,85.90819781217824
166579,SHELL ARGENTINA S.A.,COIRON AMARGO SUR OESTE,16,6903.0,83.9800086918731,85.7795161523975
166580,SHELL ARGENTINA S.A.,COIRON AMARGO SUR OESTE,16,7144.72,83.32824799292344,84.84377274406835
166581,SHELL ARGENTINA S.A.,COIRON AMARGO SUR OESTE,16,7473.39,76.87234307322379,76.51012458870741
166582,SHELL ARGENTINA S.A.,CRUZ DE LORENA,16,5930.8,78.51723207661698,78.3639643892898
166583,SHELL ARGENTINA S.A.,CRUZ DE LORENA,16,11808.02,60.53453500248136,62.63751247033795
166584,SHELL ARGENTINA S.A.,CRUZ DE LORENA,16,5699.99,69.60345544465866,69.3957357819926
166585,SHELL ARGENTINA S.A.,CRUZ DE LORENA,16,8803.87,61.5513404900345,61.81770062483884
166586,PAMPA ENERGIA S.A.,SIERRA CHATA,15,48.31579,100.0,100.0
166594,PAMPA ENERGIA S.A.,RINCON DE ARANDA,15,4525.028,68.6255864052112,68.6255864052112
166595,PAMPA ENERGIA S.A.,RINCON DE ARANDA,15,2998.211,80.03673523978132,80.03673523978132
166596,PAMPA ENERGIA S.A.,RINCON DE ARANDA,15,3383.31,88.9611948062696,88.9611948062696
166597,PAMPA ENERGIA S.A.,RINCON DE ARANDA,15,5197.938,63.71853608103829,63.71853608103829
166598,TECPETROL S.A.,FORTIN DE PIEDRA,15,243.7893,44.223474943321946,44.223474943321946
166599,TECPETROL S.A.,FORTIN DE PIEDRA,15,148.4918,41.359038007485935,41.359038007485935
166623,YPF S.A.,LOMA CAMPANA-LLL,15,124.7,100.0,100.0
166625,YPF S.A.,LA ANGOSTURA SUR II,15,5127.67,52.69761899654228,52.69761899654228
166626,YPF S.A.,LA ANGOSTURA SUR II,15,4855.56,57.7282537956487,57.7282537956487
166627,YPF S.A.,LA ANGOSTURA SUR II,15,6441.49,72.72339163764904,72.72339163764904
166628,YPF S.A.,LA ANGOSTURA SUR II,15,4944.68,63.61139649077392,63.61139649077392
166629,YPF S.A.,LA ANGOSTURA SUR II,15,4918.21,78.89496381813709,78.89496381813709
166634,PAN AMERICAN ENERGY SL,LINDERO ATRAVESADO OCCIDENTAL,16,6267.117,88.35874932604577,88.35874932604577
166645,PAN AMERICAN ENERGY SL,LINDERO ATRAVESADO OCCIDENTAL,15,3806.398,88.89789769750824,88.89789769750824
166654,PAMPA ENERGIA S.A.,RINCON DE ARANDA,15,7729.266,90.08162741455656,90.08162741455656
166655,PAMPA ENERGIA S.A.,RINCON DE ARANDA,15,7515.7,88.22460715568742,88.22460715568742
166656,PAMPA ENERGIA S.A.,RINCON DE ARANDA,15,8169.796,86.37347860338251,86.37347860338251
166664,TECPETROL S.A.,FORTIN DE PIEDRA,14,171.4543,30.733554072426294,30.733554072426294
166666,TECPETROL S.A.,PUESTO PARADA NC,14,6086.675,54.69303026693556,54.69303026693556
166667,TECPETROL S.A.,PUESTO PARADA NC,14,5037.178,76.37536334828748,76.37536334828748
166668,TECPETROL S.A.,PUESTO PARADA NC,14,5845.36,77.67822683290679,77.67822683290679
166676,YPF S.A.,AGUADA DE LA ARENA,14,1.22,100.0,100.0
166677,YPF S.A.,AGUADA DE LA ARENA,14,1.4,100.0,100.0
